DateTimeStamp,Airflow,DamperClose,DamperOpen,DAT,HeatingValveClose,HeatingValveOpen,OccupiedCoolingSetpt,OccupiedHeatingSetpt,OccupiedSP,ReverseValve,SpaceTemp,VAVOccupancy,CP-202AHU1.0-100-100SFSpd,CP-202AHU1.RTU-4DAT,occ,AV11,AV20,AV43,OutsideAirTemp_toMicroset
12/8/2017 12:00:00 AM,90,0,0,66,0,0,73,71,72,0,-96.8,0,0,61.4,1,14,0.1058824,16,19
12/8/2017 12:10:00 AM,88,0,0,65.9,0,0,73,71,72,0,-96.8,0,0,61.4,1,14,0.1058824,16,19
12/8/2017 12:20:00 AM,92,0,0,65.8,0,0,73,71,72,0,-96.8,0,0,61.1,1,14,0.1082353,16,19
12/8/2017 12:30:00 AM,90,0,0,65.7,0,0,73,71,72,0,-96.8,0,0,61.1,1,14,0.1058824,16,19
12/8/2017 12:40:00 AM,90,0,0,65.5,0,0,73,71,72,0,-96.8,0,0,60.9,1,14,0.1058824,16,19
12/8/2017 12:50:00 AM,88,0,0,65.4,0,0,73,71,72,0,-96.8,0,0,60.6,1,14,0.1035294,16,19
12/8/2017 1:00:00 AM,88,0,0,65.3,0,0,73,71,72,0,-96.8,0,0,60.4,1,14,0.1035294,16,19
12/8/2017 1:10:00 AM,87,0,0,65.2,0,0,73,71,72,0,-96.8,0,0,60.4,1,14,0.1023529,16,19
12/8/2017 1:20:00 AM,90,0,0,65.1,0,0,73,71,72,0,-96.8,0,0,60.2,1,14,0.1058824,16,19
12/8/2017 1:30:00 AM,88,0,0,65,0,0,73,71,72,0,-96.1,0,0,60.1,1,14,0.1035294,16,19
12/8/2017 1:40:00 AM,88,0,0,64.9,0,0,73,71,72,0,-96.1,0,0,59.9,1,14,0.1035294,16,19
12/8/2017 1:50:00 AM,92,0,0,64.8,0,0,73,71,72,0,-96.8,0,0,59.8,1,14,0.1082353,16,19
12/8/2017 2:00:00 AM,88,0,0,64.6,0,0,73,71,72,0,-97.5,0,0,59.7,1,14,0.1035294,16,19
12/8/2017 2:10:00 AM,92,0,0,64.5,0,0,73,71,72,0,-96.8,0,0,59.5,1,14,0.1082353,16,19
12/8/2017 2:20:00 AM,92,0,0,64.5,0,0,73,71,72,0,-97.5,0,0,59.4,1,14,0.1082353,16,19
12/8/2017 2:30:00 AM,90,0,0,64.4,0,0,73,71,72,0,-96.8,0,0,59.3,1,14,0.1082353,16,19
12/8/2017 2:40:00 AM,90,0,0,64.2,0,0,73,71,72,0,-95.5,0,0,59.5,1,14,0.1058824,16,19
12/8/2017 2:50:00 AM,92,0,0,64.9,0,0,73,71,72,0,-96.8,0,0,60.9,1,14,0.1082353,16,19
12/8/2017 3:00:00 AM,88,0,0,66.4,0,0,73,71,72,0,-96.8,0,0,62.1,1,14,0.1035294,16,19
12/8/2017 3:10:00 AM,92,0,0,66.9,0,0,73,71,72,0,-96.8,0,0,62.3,1,14,0.1082353,16,19
12/8/2017 3:20:00 AM,92,0,0,66.8,0,0,73,71,72,0,-96.8,0,0,62.2,1,14,0.1082353,16,19
12/8/2017 3:30:00 AM,92,0,0,66.6,0,0,73,71,72,0,-96.8,0,0,61.8,1,14,0.1082353,16,19
12/8/2017 3:40:00 AM,90,0,0,66.3,0,0,73,71,72,0,-97.5,0,0,61.4,1,14,0.1058824,16,19
12/8/2017 3:50:00 AM,90,0,0,66,0,0,73,71,72,0,-96.8,0,0,61.1,1,14,0.1058824,16,20
12/8/2017 4:00:00 AM,88,0,0,65.8,0,0,73,71,72,0,-96.8,0,0,60.8,1,14,0.1035294,16,20
12/8/2017 4:10:00 AM,90,0,0,65.6,0,0,73,71,72,0,-96.8,0,0,60.5,1,14,0.1058824,16,20
12/8/2017 4:20:00 AM,88,0,0,65.3,0,0,73,71,72,0,-97.5,0,0,60.3,1,14,0.1035294,16,20
12/8/2017 4:30:00 AM,88,0,0,65.2,0,0,73,71,72,0,-96.8,0,0,60.5,1,14,0.1035294,16,19
12/8/2017 4:40:00 AM,88,0,0,65.9,0,0,73,71,72,0,-96.8,0,0,61.7,1,14,0.1035294,16,19
12/8/2017 4:50:00 AM,92,0,0,67.3,0,0,73,71,72,0,-96.8,0,0,62.9,1,14,0.1082353,16,19
12/8/2017 5:00:00 AM,93,0,0,67.7,0,0,73,71,72,0,-96.8,0,0,63.3,1,14,0.1094118,16,19
12/8/2017 5:10:00 AM,92,0,0,67.7,0,0,73,71,72,0,-96.8,0,0,63.1,1,14,0.1082353,16,19
12/8/2017 5:20:00 AM,92,0,0,67.3,0,0,73,71,72,0,-94.8,0,0,62.6,1,14,0.1082353,16,19
12/8/2017 5:30:00 AM,92,0,0,67,0,0,73,71,72,0,-96.8,0,0,62.1,1,14,0.1082353,16,19
12/8/2017 5:40:00 AM,93,0,0,66.7,0,0,73,71,72,0,-96.8,0,0,61.7,1,14,0.1094118,16,19
12/8/2017 5:50:00 AM,92,0,0,66.4,0,0,73,71,72,0,-96.8,0,0,61.2,1,14,0.1082353,16,19
12/8/2017 6:00:00 AM,92,0,0,66.1,0,0,73,71,72,0,-97.5,0,0,60.8,1,14,0.1082353,16,18
12/8/2017 6:10:00 AM,90,0,0,65.9,0,0,73,71,72,0,-96.8,0,0,60.4,1,14,0.1058824,16,18
12/8/2017 6:20:00 AM,92,0,0,65.6,0,0,73,71,72,0,-96.8,0,0,60.5,1,14,0.1058824,16,18
12/8/2017 6:30:00 AM,90,0,0,65.9,0,0,73,71,72,0,-96.8,0,0,61.2,1,14,0.1058824,16,18
12/8/2017 6:40:00 AM,90,0,0,67.1,0,0,73,71,72,0,-96.8,0,0,62.3,1,14,0.1058824,16,18
12/8/2017 6:50:00 AM,92,0,0,67.8,0,0,73,71,72,0,-97.5,0,0,62.8,1,14,0.1082353,16,18
12/8/2017 7:00:00 AM,92,0,0,67.7,0,0,73,71,72,0,-96.8,0,0,62.5,1,14,0.1082353,16,18
12/8/2017 7:10:00 AM,93,0,0,67.4,0,0,73,71,72,0,-97.5,0,0,62,1,14,0.1094118,16,18
12/8/2017 7:20:00 AM,93,0,0,67.1,0,0,73,71,72,0,-96.8,0,0,61.6,1,14,0.1094118,16,18
12/8/2017 7:30:00 AM,90,0,0,66.7,0,0,73,71,72,0,-96.8,0,0,61.2,1,14,0.1058824,16,19
12/8/2017 7:40:00 AM,90,0,0,66.4,0,0,73,71,72,0,-96.8,0,0,60.8,1,14,0.1058824,16,19
12/8/2017 7:50:00 AM,92,0,0,66.2,0,0,73,71,72,0,-96.8,0,0,61,1,14,0.1082353,16,19
12/8/2017 8:00:00 AM,92,0,0,66.7,0,0,73,71,72,0,-96.8,0,0,62.1,1,14,0.1082353,16,20
12/8/2017 8:10:00 AM,90,0,0,68.1,0,0,73,71,72,0,-96.8,0,0,64.5,1,14,0.1058824,16,20
12/8/2017 8:20:00 AM,92,0,0,68.4,0,0,73,71,72,0,-96.8,0,0,65.1,1,14,0.1082353,16,21
12/8/2017 8:30:00 AM,96,0,0,67.9,0,0,73,71,72,0,-96.8,0,0,63.2,1,14,0.1129412,16,21
12/8/2017 8:40:00 AM,95,0,0,67.3,0,0,73,71,72,0,-97.5,0,0,63.2,1,14,0.1117647,16,22
12/8/2017 8:50:00 AM,92,0,0,67,0,0,73,71,72,0,-96.8,0,0,62.3,1,14,0.1082353,16,22
12/8/2017 9:00:00 AM,92,0,0,66.6,0,0,73,71,72,0,-96.8,0,0,61.8,1,14,0.1082353,16,23
12/8/2017 9:10:00 AM,92,0,0,66.4,0,0,73,71,72,0,-96.8,0,0,62.3,1,14,0.1082353,16,23
12/8/2017 9:20:00 AM,88,0,0,66.2,0,0,73,71,72,0,-96.8,0,0,62.1,1,14,0.1035294,16,24
12/8/2017 9:30:00 AM,88,0,0,65.9,0,0,73,71,72,0,-96.8,0,0,61.7,1,14,0.1035294,16,24
12/8/2017 9:40:00 AM,92,0,0,65.8,0,0,73,71,72,0,-95.5,0,0,61.6,1,14,0.1082353,16,25
12/8/2017 9:50:00 AM,90,0,0,65.7,0,0,73,71,72,0,-96.8,0,0,62.6,1,14,0.1058824,16,26
12/8/2017 10:00:00 AM,88,0,0,65.6,0,0,73,71,72,0,-96.8,0,0,62.3,1,14,0.1035294,16,26
12/8/2017 10:10:00 AM,88,0,0,65.5,0,0,73,71,72,0,-96.8,0,0,62.1,1,14,0.1035294,16,26
12/8/2017 10:20:00 AM,90,0,0,65.4,0,0,73,71,72,0,-96.8,0,0,62.3,1,14,0.1058824,16,27
12/8/2017 10:30:00 AM,87,0,0,65.3,0,0,73,71,72,0,-96.8,0,0,62.5,1,14,0.1023529,16,27
12/8/2017 10:40:00 AM,88,0,0,65.3,0,0,73,71,72,0,-96.8,0,0,62.8,1,14,0.1035294,16,28
12/8/2017 10:50:00 AM,88,0,0,65.3,0,0,73,71,72,0,-96.8,0,0,63.1,1,14,0.1035294,16,29
12/8/2017 11:00:00 AM,90,0,0,65.2,0,0,73,71,72,0,-96.8,0,0,63,1,14,0.1058824,16,28
12/8/2017 11:10:00 AM,93,0,0,65,0,0,73,71,72,0,-96.8,0,0,63,1,14,0.1094118,16,29
12/8/2017 11:20:00 AM,92,0,0,65.1,0,0,73,71,72,0,-96.8,0,0,63,1,14,0.1082353,16,29
12/8/2017 11:30:00 AM,90,0,0,65,0,0,73,71,72,0,-96.8,0,0,63.2,1,14,0.1058824,16,30
12/8/2017 11:40:00 AM,92,0,0,65,0,0,73,71,72,0,-96.8,0,0,63.3,1,14,0.1082353,16,30
12/8/2017 11:50:00 AM,90,0,0,65,0,0,73,71,72,0,-96.8,0,0,63.6,1,14,0.1058824,16,30
12/8/2017 12:00:00 PM,92,0,0,65,0,0,73,71,72,0,-96.8,0,0,63.6,1,14,0.1082353,16,31
12/8/2017 12:10:00 PM,92,0,0,64.9,0,0,73,71,72,0,-96.8,0,0,63.5,1,14,0.1082353,16,31
12/8/2017 12:20:00 PM,92,0,0,65,0,0,73,71,72,0,-96.8,0,0,63.7,1,14,0.1082353,16,31
12/8/2017 12:30:00 PM,92,0,0,64.9,0,0,73,71,72,0,-96.8,0,0,63.8,1,14,0.1082353,16,32
12/8/2017 12:40:00 PM,90,0,0,64.9,0,0,73,71,72,0,-96.8,0,0,63.7,1,14,0.1035294,16,32
12/8/2017 12:50:00 PM,90,0,0,64.9,0,0,73,71,72,0,-96.8,0,0,63.8,1,14,0.1058824,16,32
12/8/2017 1:00:00 PM,90,0,0,64.9,0,0,73,71,72,0,-96.8,0,0,63.8,1,14,0.1058824,16,32
12/8/2017 1:10:00 PM,90,0,0,64.9,0,0,73,71,72,0,-96.8,0,0,64,1,14,0.1058824,16,33
12/8/2017 1:20:00 PM,90,0,0,64.9,0,0,73,71,72,0,-96.8,0,0,63.9,1,14,0.1058824,16,33
12/8/2017 1:30:00 PM,90,0,0,64.9,0,0,73,71,72,0,-96.8,0,0,64,1,14,0.1058824,16,33
12/8/2017 1:40:00 PM,90,0,0,64.9,0,0,73,71,72,0,-96.8,0,0,64.1,1,14,0.1058824,16,33
12/8/2017 1:50:00 PM,90,0,0,64.9,0,0,73,71,72,0,-96.8,0,0,64,1,14,0.1058824,16,33
12/8/2017 2:00:00 PM,90,0,0,64.8,0,0,73,71,72,0,-96.8,0,0,64,1,14,0.1058824,16,33
12/8/2017 2:10:00 PM,90,0,0,64.8,0,0,73,71,72,0,-96.8,0,0,64.1,1,14,0.1058824,16,33
12/8/2017 2:20:00 PM,88,0,0,64.9,0,0,73,71,72,0,-96.8,0,0,64.1,1,14,0.1035294,16,33
12/8/2017 2:30:00 PM,88,0,0,64.9,0,0,73,71,72,0,-96.8,0,0,64.1,1,14,0.1035294,16,33
12/8/2017 2:40:00 PM,90,0,0,64.9,0,0,73,71,72,0,-96.8,0,0,64.2,1,14,0.1058824,16,33
12/8/2017 2:50:00 PM,90,0,0,64.8,0,0,73,71,72,0,-96.8,0,0,64.2,1,14,0.1058824,16,33
12/8/2017 3:00:00 PM,90,0,0,64.9,0,0,73,71,72,0,-96.8,0,0,64.1,1,14,0.1058824,16,33
12/8/2017 3:10:00 PM,90,0,0,64.8,0,0,73,71,72,0,-96.8,0,0,64.2,1,14,0.1035294,16,33
12/8/2017 3:20:00 PM,90,0,0,64.8,0,0,73,71,72,0,-96.8,0,0,64.1,1,14,0.1058824,16,33
12/8/2017 3:30:00 PM,88,0,0,64.8,0,0,73,71,72,0,-96.8,0,0,64,1,14,0.1035294,16,33
12/8/2017 3:40:00 PM,88,0,0,64.8,0,0,73,71,72,0,-96.8,0,0,64.2,1,14,0.1035294,16,33
12/8/2017 3:50:00 PM,90,0,0,64.9,0,0,73,71,72,0,-96.8,0,0,64.1,1,14,0.1058824,16,33
12/8/2017 4:00:00 PM,90,0,0,64.8,0,0,73,71,72,0,-96.8,0,0,64,1,14,0.1058824,16,32
12/8/2017 4:10:00 PM,88,0,0,64.7,0,0,73,71,72,0,-96.8,0,0,63.6,1,14,0.1035294,16,32
12/8/2017 4:20:00 PM,88,0,0,64.7,0,0,73,71,72,0,-96.8,0,0,63.3,1,14,0.1035294,16,32
12/8/2017 4:30:00 PM,88,0,0,64.6,0,0,73,71,72,0,-96.8,0,0,63.1,1,14,0.1035294,16,32
12/8/2017 4:40:00 PM,90,0,0,64.6,0,0,73,71,72,0,-96.8,0,0,63.1,1,14,0.1058824,16,31
12/8/2017 4:50:00 PM,88,0,0,64.7,0,0,73,71,72,0,-96.8,0,0,63.1,1,14,0.1035294,16,31
12/8/2017 5:00:00 PM,90,0,0,64.7,0,0,73,71,72,0,-96.8,0,0,63,1,14,0.1035294,16,31
12/8/2017 5:10:00 PM,90,0,0,64.7,0,0,73,71,72,0,-97.5,0,0,62.9,1,14,0.1058824,16,31
12/8/2017 5:20:00 PM,90,0,0,64.7,0,0,73,71,72,0,-96.8,0,0,62.7,1,14,0.1058824,16,31
12/8/2017 5:30:00 PM,90,0,0,64.7,0,0,73,71,72,0,-96.8,0,0,62.6,1,14,0.1058824,16,31
12/8/2017 5:40:00 PM,90,0,0,64.7,0,0,73,71,72,0,-96.8,0,0,62.3,1,14,0.1058824,16,31
12/8/2017 5:50:00 PM,88,0,0,64.7,0,0,73,71,72,0,-96.8,0,0,62.1,1,14,0.1035294,16,30
12/8/2017 6:00:00 PM,88,0,0,64.7,0,0,73,71,72,0,-96.8,0,0,61.7,1,14,0.1035294,16,31
12/8/2017 6:10:00 PM,90,0,0,64.6,0,0,73,71,72,0,-96.8,0,0,61.5,1,14,0.1058824,16,31
12/8/2017 6:20:00 PM,90,0,0,64.6,0,0,73,71,72,0,-96.8,0,0,61.3,1,14,0.1058824,16,32
12/8/2017 6:30:00 PM,90,0,0,64.6,0,0,73,71,72,0,-96.8,0,0,61.2,1,14,0.1058824,16,32
12/8/2017 6:40:00 PM,90,0,0,64.7,0,0,73,71,72,0,-97.5,0,0,61.4,1,14,0.1058824,16,32
12/8/2017 6:50:00 PM,88,0,0,64.6,0,0,73,71,72,0,-96.8,0,0,61.3,1,14,0.1035294,16,32
12/8/2017 7:00:00 PM,90,0,0,64.6,0,0,73,71,72,0,-97.5,0,0,61.1,1,14,0.1058824,16,32
12/8/2017 7:10:00 PM,90,0,0,64.6,0,0,73,71,72,0,-96.8,0,0,61.1,1,14,0.1058824,16,32
12/8/2017 7:20:00 PM,88,0,0,64.6,0,0,73,71,72,0,-96.8,0,0,61,1,14,0.1035294,16,32
12/8/2017 7:30:00 PM,88,0,0,64.6,0,0,73,71,72,0,-96.8,0,0,61,1,14,0.1035294,16,32
12/8/2017 7:40:00 PM,90,0,0,64.6,0,0,73,71,72,0,-96.8,0,0,60.8,1,14,0.1058824,16,32
12/8/2017 7:50:00 PM,90,0,0,64.6,0,0,73,71,72,0,-96.8,0,0,60.7,1,14,0.1058824,16,32
12/8/2017 8:00:00 PM,88,0,0,64.6,0,0,73,71,72,0,-97.5,0,0,60.8,1,14,0.1035294,16,32
12/8/2017 8:10:00 PM,90,0,0,64.6,0,0,73,71,72,0,-96.1,0,0,60.8,1,14,0.1058824,16,32
12/8/2017 8:20:00 PM,90,0,0,64.6,0,0,73,71,72,0,-97.5,0,0,60.6,1,14,0.1058824,16,32
12/8/2017 8:30:00 PM,88,0,0,64.5,0,0,73,71,72,0,-96.8,0,0,60.7,1,14,0.1058824,16,32
12/8/2017 8:40:00 PM,88,0,0,64.5,0,0,73,71,72,0,-96.8,0,0,60.6,1,14,0.1035294,16,32
12/8/2017 8:50:00 PM,90,0,0,64.5,0,0,73,71,72,0,-96.8,0,0,60.5,1,14,0.1058824,16,32
12/8/2017 9:00:00 PM,90,0,0,64.5,0,0,73,71,72,0,-96.8,0,0,60.6,1,14,0.1058824,16,32
12/8/2017 9:10:00 PM,90,0,0,64.5,0,0,73,71,72,0,-96.8,0,0,61.3,1,14,0.1058824,16,32
12/8/2017 9:20:00 PM,88,0,0,64.5,0,0,73,71,72,0,-96.8,0,0,61.5,1,14,0.1058824,16,31
12/8/2017 9:30:00 PM,90,0,0,64.4,0,0,73,71,72,0,-96.8,0,0,61.6,1,14,0.1058824,16,31
12/8/2017 9:40:00 PM,90,0,0,64.4,0,0,73,71,72,0,-96.8,0,0,61.6,1,14,0.1058824,16,31
12/8/2017 9:50:00 PM,90,0,0,64.5,0,0,73,71,72,0,-96.8,0,0,61.6,1,14,0.1058824,16,30
12/8/2017 10:00:00 PM,92,0,0,64.4,0,0,73,71,72,0,-96.8,0,0,61.6,1,14,0.1058824,16,30
12/8/2017 10:10:00 PM,92,0,0,64.4,0,0,73,71,72,0,-96.8,0,0,61.4,1,14,0.1082353,16,30
12/8/2017 10:20:00 PM,92,0,0,64.4,0,0,73,71,72,0,-96.8,0,0,61.2,1,14,0.1082353,16,30
12/8/2017 10:30:00 PM,92,0,0,64.4,0,0,73,71,72,0,-94.8,0,0,61.2,1,14,0.1058824,16,30
12/8/2017 10:40:00 PM,88,0,0,64.3,0,0,73,71,72,0,-96.8,0,0,61.2,1,14,0.1035294,16,30
12/8/2017 10:50:00 PM,88,0,0,64.4,0,0,73,71,72,0,-96.8,0,0,61.1,1,14,0.1035294,16,30
12/8/2017 11:00:00 PM,88,0,0,64.4,0,0,73,71,72,0,-96.8,0,0,61,1,14,0.1035294,16,30
12/8/2017 11:10:00 PM,88,0,0,64.3,0,0,73,71,72,0,-96.8,0,0,61,1,14,0.1035294,16,30
12/8/2017 11:20:00 PM,88,0,0,64.3,0,0,73,71,72,0,-96.8,0,0,60.9,1,14,0.1058824,16,29
12/8/2017 11:30:00 PM,90,0,0,64.2,0,0,73,71,72,0,-96.8,0,0,61,1,14,0.1058824,16,29
12/8/2017 11:40:00 PM,90,0,0,64.2,0,0,73,71,72,0,-96.8,0,0,60.8,1,14,0.1058824,16,29
12/8/2017 11:50:00 PM,90,0,0,64.1,0,0,73,71,72,0,-96.8,0,0,60.7,1,14,0.1058824,16,30
12/9/2017 12:00:00 AM,92,0,0,64,0,0,73,71,72,0,-96.8,0,0,60.6,1,14,0.1082353,16,30
12/9/2017 12:10:00 AM,88,0,0,63.9,0,0,73,71,72,0,-96.8,0,0,60.6,1,14,0.1035294,16,30
12/9/2017 12:20:00 AM,88,0,0,63.9,0,0,73,71,72,0,-96.8,0,0,60.4,1,14,0.1035294,16,30
12/9/2017 12:30:00 AM,88,0,0,63.8,0,0,73,71,72,0,-96.8,0,0,60.4,1,14,0.1035294,16,30
12/9/2017 12:40:00 AM,88,0,0,63.7,0,0,73,71,72,0,-96.8,0,0,60.1,1,14,0.1035294,16,29
12/9/2017 12:50:00 AM,87,0,0,63.6,0,0,73,71,72,0,-96.8,0,0,60.1,1,14,0.1023529,16,29
12/9/2017 1:00:00 AM,90,0,0,63.5,0,0,73,71,72,0,-96.8,0,0,60,1,14,0.1058824,16,28
12/9/2017 1:10:00 AM,92,0,0,63.4,0,0,73,71,72,0,-96.8,0,0,59.9,1,14,0.1082353,16,28
12/9/2017 1:20:00 AM,87,0,0,63.4,0,0,73,71,72,0,-96.8,0,0,59.8,1,14,0.1035294,16,28
12/9/2017 1:30:00 AM,87,0,0,63.3,0,0,73,71,72,0,-96.8,0,0,59.7,1,14,0.1023529,16,28
12/9/2017 1:40:00 AM,88,0,0,63.3,0,0,73,71,72,0,-96.8,0,0,59.7,1,14,0.1035294,16,28
12/9/2017 1:50:00 AM,88,0,0,63.2,0,0,73,71,72,0,-96.8,0,0,59.6,1,14,0.1035294,16,28
12/9/2017 2:00:00 AM,88,0,0,63.2,0,0,73,71,72,0,-96.8,0,0,59.7,1,14,0.1035294,16,28
12/9/2017 2:10:00 AM,88,0,0,63.2,0,0,73,71,72,0,-96.8,0,0,59.5,1,14,0.1035294,16,28
12/9/2017 2:20:00 AM,88,0,0,63.1,0,0,73,71,72,0,-96.8,0,0,59.4,1,14,0.1035294,16,28
12/9/2017 2:30:00 AM,88,0,0,63,0,0,73,71,72,0,-96.8,0,0,59.3,1,14,0.1035294,16,28
12/9/2017 2:40:00 AM,88,0,0,63.1,0,0,73,71,72,0,-96.8,0,0,59.3,1,14,0.1035294,16,28
12/9/2017 2:50:00 AM,88,0,0,63,0,0,73,71,72,0,-96.8,0,0,59.2,1,14,0.1035294,16,28
12/9/2017 3:00:00 AM,90,0,0,63,0,0,73,71,72,0,-96.8,0,0,59.2,1,14,0.1035294,16,28
12/9/2017 3:10:00 AM,88,0,0,62.9,0,0,73,71,72,0,-95.5,0,0,59.1,1,14,0.1035294,16,29
12/9/2017 3:20:00 AM,90,0,0,62.9,0,0,73,71,72,0,-96.8,0,0,59.2,1,14,0.1058824,16,29
12/9/2017 3:30:00 AM,87,0,0,62.8,0,0,73,71,72,0,-97.5,0,0,59.1,1,14,0.1023529,16,28
12/9/2017 3:40:00 AM,87,0,0,62.8,0,0,73,71,72,0,-96.8,0,0,58.9,1,14,0.1023529,16,28
12/9/2017 3:50:00 AM,88,0,0,62.8,0,0,73,71,72,0,-96.8,0,0,59,1,14,0.1035294,16,28
12/9/2017 4:00:00 AM,88,0,0,62.8,0,0,73,71,72,0,-94.8,0,0,58.9,1,14,0.1035294,16,28
12/9/2017 4:10:00 AM,88,0,0,62.7,0,0,73,71,72,0,-96.8,0,0,58.8,1,14,0.1035294,16,28
12/9/2017 4:20:00 AM,90,0,0,62.6,0,0,73,71,72,0,-96.8,0,0,58.8,1,14,0.1058824,16,28
12/9/2017 4:30:00 AM,88,0,0,62.6,0,0,73,71,72,0,-96.8,0,0,58.7,1,14,0.1058824,16,28
12/9/2017 4:40:00 AM,85,0,0,62.6,0,0,73,71,72,0,-96.8,0,0,59.3,1,14,0.1,16,28
12/9/2017 4:50:00 AM,88,0,0,63.7,0,0,73,71,72,0,-96.1,0,0,60.7,1,14,0.1035294,16,28
12/9/2017 5:00:00 AM,88,0,0,65.4,0,0,73,71,72,0,-96.8,0,0,62.5,1,14,0.1035294,16,28
12/9/2017 5:10:00 AM,90,0,0,66.2,0,0,73,71,72,0,-96.8,0,0,63.2,1,14,0.1058824,16,28
12/9/2017 5:20:00 AM,88,0,0,66.2,0,0,73,71,72,0,-96.8,0,0,63.2,1,14,0.1023529,16,29
12/9/2017 5:30:00 AM,88,0,0,66,0,0,73,71,72,0,-96.8,0,0,63,1,14,0.1035294,16,28
12/9/2017 5:40:00 AM,87,0,0,65.8,0,0,73,71,72,0,-96.8,0,0,62.7,1,14,0.1023529,16,29
12/9/2017 5:50:00 AM,92,0,0,65.6,0,0,73,71,72,0,-96.8,0,0,62.4,1,14,0.1082353,16,29
12/9/2017 6:00:00 AM,90,0,0,65.3,0,0,73,71,72,0,-96.8,0,0,62.1,1,14,0.1058824,16,29
12/9/2017 6:10:00 AM,88,0,0,64.8,0,0,73,71,72,0,-96.8,0,20,62.2,1,14,0.1035294,16,29
12/9/2017 6:20:00 AM,90,0,0,65.5,0,0,73,71,72,0,-96.8,0,43.44531,77.2,1,14,0.1058824,16,29
12/9/2017 6:30:00 AM,88,0,0,66.6,0,0,73,71,72,0,-96.8,0,43.78125,79.3,1,14,0.1035294,16,29
12/9/2017 6:40:00 AM,92,0,0,67.1,0,0,73,71,72,0,-96.8,0,43.15625,75,1,14,0.1082353,16,29
12/9/2017 6:50:00 AM,93,0,0,67.4,0,0,73,71,72,0,-96.8,0,42.79688,69.6,1,14,0.1094118,16,29
12/9/2017 7:00:00 AM,88,0,0,68,0,0,73,71,72,0,-96.8,0,42.67188,65.6,1,14,0.1035294,16,29
12/9/2017 7:10:00 AM,92,0,0,68.6,0,0,73,71,72,0,-96.8,0,42.35156,62.6,1,14,0.1082353,16,29
12/9/2017 7:20:00 AM,92,0,0,68,0,0,73,71,72,0,-96.8,0,42.36719,60.4,1,14,0.1094118,16,29
12/9/2017 7:30:00 AM,92,0,0,67,0,0,73,71,72,0,-96.8,0,20,59.1,1,14,0.1082353,16,29
12/9/2017 7:40:00 AM,90,0,0,66.4,0,0,73,71,72,0,-96.8,0,20,68.5,1,14,0.1058824,16,29
12/9/2017 7:50:00 AM,88,0,0,67.3,0,0,73,71,72,0,-96.8,0,44.0625,79,1,14,0.1035294,16,29
12/9/2017 8:00:00 AM,90,0,0,68.2,0,0,73,71,72,0,-96.8,0,43.49219,79.3,1,14,0.1058824,16,29
12/9/2017 8:10:00 AM,88,0,0,67.4,0,0,73,71,72,0,-96.8,0,0,73.6,1,14,0.1035294,16,29
12/9/2017 8:20:00 AM,90,0,0,66.8,0,0,73,71,72,0,-96.8,0,0,70.7,1,14,0.1058824,16,29
12/9/2017 8:30:00 AM,93,0,0,66.5,0,0,73,71,72,0,-96.8,0,0,69,1,14,0.1094118,16,29
12/9/2017 8:40:00 AM,88,0,0,66.2,0,0,73,71,72,0,-96.8,0,0,67.9,1,14,0.1035294,16,29
12/9/2017 8:50:00 AM,92,0,0,66,0,0,73,71,72,0,-96.8,0,0,67,1,14,0.1082353,16,29
12/9/2017 9:00:00 AM,90,0,0,65.8,0,0,73,71,72,0,-96.1,0,0,66.2,1,14,0.1058824,16,29
12/9/2017 9:10:00 AM,88,0,0,65.5,0,0,73,71,72,0,-96.8,0,0,65.7,1,14,0.1035294,16,29
12/9/2017 9:20:00 AM,92,0,0,65.5,0,0,73,71,72,0,-96.8,0,0,65.3,1,14,0.1082353,16,29
12/9/2017 9:30:00 AM,87,0,0,66.5,0,0,73,71,72,0,-96.8,0,0,66.1,1,14,0.1023529,16,29
12/9/2017 9:40:00 AM,92,0,0,68,0,0,73,71,72,0,-96.8,0,0,67.4,1,14,0.1058824,16,30
12/9/2017 9:50:00 AM,92,0,0,68.6,0,0,73,71,72,0,-96.8,0,0,68,1,14,0.1082353,30,30
12/9/2017 10:00:00 AM,92,0,0,68.4,0,0,73,71,72,0,-96.8,0,0,67.7,1,14,0.1082353,16,30
12/9/2017 10:10:00 AM,90,0,0,68,0,0,73,71,72,0,-96.8,0,0,67.3,1,14,0.1058824,16,30
12/9/2017 10:20:00 AM,95,0,0,67.7,0,0,73,71,72,0,-96.8,0,0,66.8,1,14,0.1117647,16,30
12/9/2017 10:30:00 AM,92,0,0,67.4,0,0,73,71,72,0,-96.8,0,0,66.4,1,14,0.1094118,16,30
12/9/2017 10:40:00 AM,90,0,0,67,0,0,73,71,72,0,-96.8,0,0,65.9,1,14,0.1082353,16,30
12/9/2017 10:50:00 AM,90,0,0,66.7,0,0,73,71,72,0,-97.5,0,0,65.3,1,14,0.1058824,16,30
12/9/2017 11:00:00 AM,90,0,0,66.4,0,0,73,71,72,0,-96.8,0,0,65,1,14,0.1058824,16,30
12/9/2017 11:10:00 AM,90,0,0,66.1,0,0,73,71,72,0,-96.8,0,0,64.5,1,14,0.1058824,16,29
12/9/2017 11:20:00 AM,90,0,0,65.9,0,0,73,71,72,0,-96.1,0,0,64.1,1,14,0.1058824,16,30
12/9/2017 11:30:00 AM,90,0,0,65.7,0,0,73,71,72,0,-96.8,0,0,63.9,1,14,0.1035294,16,30
12/9/2017 11:40:00 AM,88,0,0,65.5,0,0,73,71,72,0,-96.8,0,0,63.7,1,14,0.1035294,16,30
12/9/2017 11:50:00 AM,88,0,0,66.2,0,0,73,71,72,0,-96.1,0,0,64.5,1,14,0.1035294,16,30
12/9/2017 12:00:00 PM,90,0,0,67.3,0,0,73,71,72,0,-96.8,0,0,65.7,1,14,0.1058824,16,30
12/9/2017 12:10:00 PM,92,0,0,67.6,0,0,73,71,72,0,-96.8,0,0,66.1,1,14,0.1082353,16,30
12/9/2017 12:20:00 PM,90,0,0,67.4,0,0,73,71,72,0,-96.8,0,0,66,1,14,0.1058824,16,30
12/9/2017 12:30:00 PM,90,0,0,67.2,0,0,73,71,72,0,-96.8,0,0,65.6,1,14,0.1058824,16,30
12/9/2017 12:40:00 PM,93,0,0,66.8,0,0,73,71,72,0,-96.8,0,0,65.2,1,14,0.1094118,16,30
12/9/2017 12:50:00 PM,92,0,0,66.5,0,0,73,71,72,0,-96.8,0,0,64.9,1,14,0.1082353,16,30
12/9/2017 1:00:00 PM,90,0,0,66.3,0,0,73,71,72,0,-96.8,0,0,64.5,1,14,0.1058824,16,30
12/9/2017 1:10:00 PM,92,0,0,66.4,0,0,73,71,72,0,-96.8,0,0,64.7,1,14,0.1082353,16,30
12/9/2017 1:20:00 PM,90,0,0,67.4,0,0,73,71,72,0,-96.8,0,0,65.7,1,14,0.1058824,16,30
12/9/2017 1:30:00 PM,92,0,0,67.9,0,0,73,71,72,0,-96.8,0,0,66.4,1,14,0.1082353,16,29
12/9/2017 1:40:00 PM,93,0,0,67.8,0,0,73,71,72,0,-96.8,0,0,66.3,1,14,0.1094118,16,29
12/9/2017 1:50:00 PM,92,0,0,67.5,0,0,73,71,72,0,-96.8,0,0,65.9,1,14,0.1082353,16,29
12/9/2017 2:00:00 PM,92,0,0,67.2,0,0,73,71,72,0,-96.8,0,0,65.5,1,14,0.1082353,16,29
12/9/2017 2:10:00 PM,90,0,0,67,0,0,73,71,72,0,-96.8,0,0,65.1,1,14,0.1058824,16,29
12/9/2017 2:20:00 PM,92,0,0,66.6,0,0,73,71,72,0,-96.8,0,0,64.7,1,14,0.1082353,16,29
12/9/2017 2:30:00 PM,88,0,0,66.4,0,0,73,71,72,0,-96.8,0,0,64.4,1,14,0.1035294,16,28
12/9/2017 2:40:00 PM,90,0,0,66.7,0,0,73,71,72,0,-96.8,0,0,64.9,1,14,0.1058824,16,29
12/9/2017 2:50:00 PM,92,0,0,68.1,0,0,73,71,72,0,-96.8,0,0,66.3,1,14,0.1082353,16,29
12/9/2017 3:00:00 PM,93,0,0,69,0,0,73,71,72,0,-96.1,0,0,67.3,1,14,0.1094118,16,29
12/9/2017 3:10:00 PM,95,0,0,69,0,0,73,71,72,0,-96.8,0,0,67.4,1,14,0.1094118,16,29
12/9/2017 3:20:00 PM,95,0,0,68.7,0,0,73,71,72,0,-96.8,0,0,67.1,1,14,0.1117647,16,29
12/9/2017 3:30:00 PM,95,0,0,68.3,0,0,73,71,72,0,-96.8,0,0,66.5,1,14,0.1117647,16,28
12/9/2017 3:40:00 PM,93,0,0,67.9,0,0,73,71,72,0,-97.5,0,0,66,1,14,0.1094118,16,28
12/9/2017 3:50:00 PM,92,0,0,67.6,0,0,73,71,72,0,-96.8,0,0,65.6,1,14,0.1082353,16,28
12/9/2017 4:00:00 PM,92,0,0,67.2,0,0,73,71,72,0,-94.8,0,0,65.1,1,14,0.1094118,16,28
12/9/2017 4:10:00 PM,90,0,0,66.9,0,0,73,71,72,0,-96.8,0,0,64.6,1,14,0.1058824,16,28
12/9/2017 4:20:00 PM,90,0,0,66.6,0,0,73,71,72,0,-96.8,0,0,64.2,1,14,0.1058824,16,28
12/9/2017 4:30:00 PM,92,0,0,66.4,0,0,73,71,72,0,-96.8,0,0,64,1,14,0.1082353,16,28
12/9/2017 4:40:00 PM,90,0,0,67,0,0,73,71,72,0,-96.8,0,0,64.9,1,14,0.1058824,16,27
12/9/2017 4:50:00 PM,92,0,0,68.3,0,0,73,71,72,0,-96.8,0,0,66.2,1,14,0.1082353,16,27
12/9/2017 5:00:00 PM,90,0,0,68.9,0,0,73,71,72,0,-96.8,0,0,66.7,1,14,0.1058824,16,27
12/9/2017 5:10:00 PM,92,0,0,68.7,0,0,73,71,72,0,-96.8,0,0,66.5,1,14,0.1082353,16,27
12/9/2017 5:20:00 PM,92,0,0,68.3,0,0,73,71,72,0,-96.8,0,0,66.1,1,14,0.1082353,16,27
12/9/2017 5:30:00 PM,93,0,0,68,0,0,73,71,72,0,-96.8,0,0,65.7,1,14,0.1094118,16,27
12/9/2017 5:40:00 PM,93,0,0,67.6,0,0,73,71,72,0,-96.8,0,0,65.1,1,14,0.1094118,16,27
12/9/2017 5:50:00 PM,93,0,0,67.3,0,0,73,71,72,0,-96.8,0,0,64.5,1,14,0.1094118,16,26
12/9/2017 6:00:00 PM,93,0,0,67,0,0,73,71,72,0,-96.8,0,0,64.2,1,14,0.1094118,16,26
12/9/2017 6:10:00 PM,93,0,0,66.7,0,0,73,71,72,0,-96.8,0,0,63.8,1,14,0.1094118,16,26
12/9/2017 6:20:00 PM,92,0,0,66.5,0,0,73,71,72,0,-96.8,0,0,63.9,1,14,0.1082353,16,26
12/9/2017 6:30:00 PM,92,0,0,67.3,0,0,73,71,72,0,-97.5,0,0,64.9,1,14,0.1082353,16,25
12/9/2017 6:40:00 PM,92,0,0,68.6,0,0,73,71,72,0,-96.8,0,0,66.4,1,14,0.1082353,16,25
12/9/2017 6:50:00 PM,93,0,0,69.3,0,0,73,71,72,0,-96.8,0,0,67,1,14,0.1094118,16,25
12/9/2017 7:00:00 PM,96,0,0,69.2,0,0,73,71,72,0,-96.8,0,0,66.7,1,14,0.1129412,16,25
12/9/2017 7:10:00 PM,95,0,0,68.8,0,0,73,71,72,0,-96.8,0,0,66.3,1,14,0.1129412,16,24
12/9/2017 7:20:00 PM,93,0,0,68.3,0,0,73,71,72,0,-96.8,0,0,65.9,1,14,0.1094118,16,24
12/9/2017 7:30:00 PM,93,0,0,68,0,0,73,71,72,0,-96.8,0,0,65.5,1,14,0.1094118,16,24
12/9/2017 7:40:00 PM,96,0,0,67.7,0,0,73,71,72,0,-96.8,0,0,64.9,1,14,0.1129412,16,24
12/9/2017 7:50:00 PM,93,0,0,67.3,0,0,73,71,72,0,-96.8,0,0,64.2,1,14,0.1094118,16,23
12/9/2017 8:00:00 PM,92,0,0,67,0,0,73,71,72,0,-96.8,0,0,64,1,14,0.1082353,16,23
12/9/2017 8:10:00 PM,92,0,0,67.1,0,0,73,71,72,0,-96.8,0,0,64.6,1,14,0.1082353,16,23
12/9/2017 8:20:00 PM,92,0,0,68.3,0,0,73,71,72,0,-96.8,0,0,65.9,1,14,0.1082353,16,23
12/9/2017 8:30:00 PM,93,0,0,69.4,0,0,73,71,72,0,-96.8,0,0,66.9,1,14,0.1094118,16,23
12/9/2017 8:40:00 PM,92,0,0,69.4,0,0,73,71,72,0,-96.8,0,0,66.8,1,14,0.1082353,16,23
12/9/2017 8:50:00 PM,96,0,0,69.1,0,0,73,71,72,0,-96.8,0,0,66.5,1,14,0.1129412,16,23
12/9/2017 9:00:00 PM,96,0,0,68.7,0,0,73,71,72,0,-96.8,0,0,65.9,1,14,0.1129412,16,22
12/9/2017 9:10:00 PM,95,0,0,68.3,0,0,73,71,72,0,-96.8,0,0,65.4,1,14,0.1117647,16,22
12/9/2017 9:20:00 PM,92,0,0,67.9,0,0,73,71,72,0,-96.8,0,0,64.9,1,14,0.1082353,16,22
12/9/2017 9:30:00 PM,96,0,0,67.5,0,0,73,71,72,0,-96.8,0,0,64.4,1,14,0.1129412,16,22
12/9/2017 9:40:00 PM,93,0,0,67.4,0,0,73,71,72,0,-96.8,0,0,64.7,1,14,0.1094118,16,22
12/9/2017 9:50:00 PM,92,0,0,68.5,0,0,73,71,72,0,-96.8,0,0,66,1,14,0.1082353,16,22
12/9/2017 10:00:00 PM,95,0,0,69.5,0,0,73,71,72,0,-96.8,0,0,66.8,1,14,0.1117647,16,21
12/9/2017 10:10:00 PM,95,0,0,69.6,0,0,73,71,72,0,-96.8,0,0,66.8,1,14,0.1117647,16,21
12/9/2017 10:20:00 PM,96,0,0,69.2,0,0,73,71,72,0,-96.8,0,0,66.4,1,14,0.1129412,16,21
12/9/2017 10:30:00 PM,93,0,0,68.8,0,0,73,71,72,0,-96.8,0,0,65.9,1,14,0.1094118,16,21
12/9/2017 10:40:00 PM,96,0,0,68.4,0,0,73,71,72,0,-96.8,0,0,65.3,1,14,0.1129412,16,20
12/9/2017 10:50:00 PM,96,0,0,68,0,0,73,71,72,0,-96.8,0,0,64.8,1,14,0.1129412,16,20
12/9/2017 11:00:00 PM,93,0,0,67.7,0,0,73,71,72,0,-95.5,0,0,64.8,1,14,0.1094118,16,20
12/9/2017 11:10:00 PM,93,0,0,68.3,0,0,73,71,72,0,-96.8,0,0,65.7,1,14,0.1094118,16,20
12/9/2017 11:20:00 PM,93,0,0,69.5,0,0,73,71,72,0,-96.8,0,0,66.7,1,14,0.1094118,16,20
12/9/2017 11:30:00 PM,95,0,0,69.8,0,0,73,71,72,0,-96.8,0,0,67,1,14,0.1117647,16,20
12/9/2017 11:40:00 PM,96,0,0,69.5,0,0,73,71,72,0,-96.8,0,0,66.5,1,14,0.1129412,16,20
12/9/2017 11:50:00 PM,95,0,0,69,0,0,73,71,72,0,-96.8,0,0,66.1,1,14,0.1117647,16,19
12/10/2017 12:00:00 AM,95,0,0,68.6,0,0,73,71,72,0,-97.5,0,0,65.6,1,14,0.1117647,16,20
12/10/2017 12:10:00 AM,96,0,0,68.2,0,0,73,71,72,0,-96.8,0,0,65,1,14,0.1129412,16,20
12/10/2017 12:20:00 AM,93,0,0,67.8,0,0,73,71,72,0,-96.8,0,0,64.5,1,14,0.1094118,16,20
12/10/2017 12:30:00 AM,93,0,0,67.7,0,0,73,71,72,0,-96.8,0,0,64.8,1,14,0.1094118,16,20
12/10/2017 12:40:00 AM,93,0,0,68.7,0,0,73,71,72,0,-96.8,0,0,65.9,1,14,0.1094118,16,20
12/10/2017 12:50:00 AM,95,0,0,69.5,0,0,73,71,72,0,-96.8,0,0,66.5,1,14,0.1117647,16,20
12/10/2017 1:00:00 AM,95,0,0,69.5,0,0,73,71,72,0,-96.8,0,0,66.5,1,14,0.1117647,16,20
12/10/2017 1:10:00 AM,95,0,0,69.2,0,0,73,71,72,0,-96.8,0,0,66.1,1,14,0.1117647,16,20
12/10/2017 1:20:00 AM,96,0,0,68.7,0,0,73,71,72,0,-96.1,0,0,65.6,1,14,0.1129412,16,20
12/10/2017 1:30:00 AM,93,0,0,68.3,0,0,73,71,72,0,-96.8,0,0,65.1,1,14,0.1094118,16,20
12/10/2017 1:40:00 AM,93,0,0,68.3,0,0,73,71,72,0,-96.8,0,0,65.6,1,14,0.1094118,16,21
12/10/2017 1:50:00 AM,96,0,0,69.4,0,0,73,71,72,0,-96.8,0,0,66.7,1,14,0.1129412,16,21
12/10/2017 2:00:00 AM,96,0,0,70.1,0,0,73,71,72,0,-96.8,0,0,67.2,1,14,0.1129412,16,21
12/10/2017 2:10:00 AM,95,0,0,70,0,0,73,71,72,0,-96.8,0,0,67.1,1,14,0.1117647,16,21
12/10/2017 2:20:00 AM,95,0,0,69.6,0,0,73,71,72,0,-96.8,0,0,66.7,1,14,0.1117647,16,21
12/10/2017 2:30:00 AM,98,0,0,69.2,0,0,73,71,72,0,-96.8,0,0,66,1,14,0.1152941,16,21
12/10/2017 2:40:00 AM,96,0,0,68.7,0,0,73,71,72,0,-96.8,0,0,65.4,1,14,0.1129412,16,21
12/10/2017 2:50:00 AM,93,0,0,68.2,0,0,73,71,72,0,-96.8,0,0,65,1,14,0.1094118,16,21
12/10/2017 3:00:00 AM,93,0,0,68.2,0,0,73,71,72,0,-96.8,0,0,65.3,1,14,0.1094118,16,21
12/10/2017 3:10:00 AM,96,0,0,69.3,0,0,73,71,72,0,-97.5,0,0,66.4,1,14,0.1129412,16,21
12/10/2017 3:20:00 AM,96,0,0,69.9,0,0,73,71,72,0,-96.8,0,0,67,1,14,0.1129412,16,22
12/10/2017 3:30:00 AM,98,0,0,69.8,0,0,73,71,72,0,-96.8,0,0,66.6,1,14,0.1129412,16,22
12/10/2017 3:40:00 AM,98,0,0,69.4,0,0,73,71,72,0,-96.8,0,0,66.2,1,14,0.1152941,16,22
12/10/2017 3:50:00 AM,96,0,0,69,0,0,73,71,72,0,-96.8,0,0,65.7,1,14,0.1129412,16,22
12/10/2017 4:00:00 AM,95,0,0,68.5,0,0,73,71,72,0,-96.8,0,0,65,1,14,0.1129412,16,22
12/10/2017 4:10:00 AM,96,0,0,68.1,0,0,73,71,72,0,-96.8,0,0,64.8,1,14,0.1129412,16,23
12/10/2017 4:20:00 AM,96,0,0,68.4,0,0,73,71,72,0,-96.8,0,0,65.4,1,14,0.1129412,16,23
12/10/2017 4:30:00 AM,95,0,0,69.4,0,0,73,71,72,0,-96.8,0,0,66.3,1,14,0.1117647,16,23
12/10/2017 4:40:00 AM,96,0,0,69.9,0,0,73,71,72,0,-96.8,0,0,66.8,1,14,0.1129412,16,23
12/10/2017 4:50:00 AM,98,0,0,69.6,0,0,73,71,72,0,-96.1,0,0,66.4,1,14,0.1152941,16,23
12/10/2017 5:00:00 AM,95,0,0,69.2,0,0,73,71,72,0,-96.8,0,0,66,1,14,0.1117647,16,23
12/10/2017 5:10:00 AM,98,0,0,68.8,0,0,73,71,72,0,-96.8,0,0,65.3,1,14,0.1152941,16,23
12/10/2017 5:20:00 AM,95,0,0,68.4,0,0,73,71,72,0,-96.8,0,0,64.8,1,14,0.1117647,16,23
12/10/2017 5:30:00 AM,95,0,0,68,0,0,73,71,72,0,-96.8,0,0,64.3,1,14,0.1117647,16,23
12/10/2017 5:40:00 AM,93,0,0,67.7,0,0,73,71,72,0,-96.8,0,0,64.2,1,14,0.1094118,16,23
12/10/2017 5:50:00 AM,92,0,0,68,0,0,73,71,72,0,-96.8,0,0,65,1,14,0.1082353,16,24
12/10/2017 6:00:00 AM,95,0,0,69.2,0,0,73,71,72,0,-96.8,0,0,66.1,1,14,0.1117647,16,24
12/10/2017 6:10:00 AM,95,0,0,69.6,0,0,73,71,72,0,-96.8,0,0,66.5,1,14,0.1117647,16,24
12/10/2017 6:20:00 AM,95,0,0,69.5,0,0,73,71,72,0,-96.8,0,0,66.2,1,14,0.1117647,16,24
12/10/2017 6:30:00 AM,95,0,0,69,0,0,73,71,72,0,-96.8,0,0,65.8,1,14,0.1117647,16,24
12/10/2017 6:40:00 AM,95,0,0,68.7,0,0,73,71,72,0,-96.8,0,0,65.2,1,14,0.1117647,16,24
12/10/2017 6:50:00 AM,98,0,0,68.2,0,0,73,71,72,0,-96.8,0,0,64.5,1,14,0.1152941,16,24
12/10/2017 7:00:00 AM,95,0,0,67.9,0,0,73,71,72,0,-96.8,0,0,64.2,1,14,0.1117647,16,24
12/10/2017 7:10:00 AM,93,0,0,67.5,0,0,73,71,72,0,-96.8,0,0,63.7,1,14,0.1094118,16,25
12/10/2017 7:20:00 AM,93,0,0,67.3,0,0,73,71,72,0,-97.5,0,0,63.8,1,14,0.1094118,16,25
12/10/2017 7:30:00 AM,93,0,0,68,0,0,73,71,72,0,-96.8,0,0,64.9,1,14,0.1094118,16,25
12/10/2017 7:40:00 AM,93,0,0,69.1,0,0,73,71,72,0,-96.8,0,0,66,1,14,0.1094118,16,25
12/10/2017 7:50:00 AM,96,0,0,69.5,0,0,73,71,72,0,-96.8,0,0,66.1,1,14,0.1129412,16,25
12/10/2017 8:00:00 AM,95,0,0,69.3,0,0,73,71,72,0,-96.8,0,0,65.9,1,14,0.1117647,16,26
12/10/2017 8:10:00 AM,95,0,0,68.9,0,0,73,71,72,0,-96.8,0,0,65.5,1,14,0.1117647,16,26
12/10/2017 8:20:00 AM,95,0,0,68.5,0,0,73,71,72,0,-96.1,0,0,65.1,1,14,0.1117647,16,26
12/10/2017 8:30:00 AM,92,0,0,68.2,0,0,73,71,72,0,-96.8,0,0,64.7,1,14,0.1082353,16,26
12/10/2017 8:40:00 AM,93,0,0,68,0,0,73,71,72,0,-96.8,0,0,64.4,1,14,0.1094118,16,25
12/10/2017 8:50:00 AM,93,0,0,67.7,0,0,73,71,72,0,-96.8,0,0,63.9,1,14,0.1094118,16,26
12/10/2017 9:00:00 AM,93,0,0,67.6,0,0,73,71,72,0,-96.8,0,0,63.6,1,14,0.1094118,16,26
12/10/2017 9:10:00 AM,93,0,0,67.4,0,0,73,71,72,0,-96.8,0,0,63.5,1,14,0.1094118,16,27
12/10/2017 9:20:00 AM,95,0,0,67.2,0,0,73,71,72,0,-96.8,0,0,63.4,1,14,0.1117647,16,27
12/10/2017 9:30:00 AM,92,0,0,67.1,0,0,73,71,72,0,-96.8,0,0,63.6,1,14,0.1094118,16,28
12/10/2017 9:40:00 AM,92,0,0,67,0,0,73,71,72,0,-96.8,0,0,63.5,1,14,0.1082353,16,28
12/10/2017 9:50:00 AM,92,0,0,66.8,0,0,73,71,72,0,-96.8,0,0,63.4,1,14,0.1082353,16,29
12/10/2017 10:00:00 AM,93,0,0,66.7,0,0,73,71,72,0,-96.8,0,0,63.4,1,14,0.1094118,16,29
12/10/2017 10:10:00 AM,92,0,0,66.5,0,0,73,71,72,0,-96.8,0,0,63.4,1,14,0.1082353,16,30
12/10/2017 10:20:00 AM,92,0,0,66.4,0,0,73,71,72,0,-96.8,0,0,63.3,1,14,0.1082353,16,30
12/10/2017 10:30:00 AM,92,0,0,66.3,0,0,73,71,72,0,-96.8,0,0,63.3,1,14,0.1082353,16,31
12/10/2017 10:40:00 AM,88,0,0,66.2,0,0,73,71,72,0,-96.8,0,0,63.6,1,14,0.1035294,16,31
12/10/2017 10:50:00 AM,92,0,0,66.1,0,0,73,71,72,0,-96.8,0,0,63.4,1,14,0.1082353,16,31
12/10/2017 11:00:00 AM,88,0,0,65.9,0,0,73,71,72,0,-96.8,0,0,63.3,1,14,0.1058824,16,31
12/10/2017 11:10:00 AM,92,0,0,65.8,0,0,73,71,72,0,-96.8,0,0,63.3,1,14,0.1082353,16,32
12/10/2017 11:20:00 AM,90,0,0,65.7,0,0,73,71,72,0,-96.8,0,0,63.3,1,14,0.1058824,16,32
12/10/2017 11:30:00 AM,88,0,0,65.6,0,0,73,71,72,0,-96.8,0,0,63.3,1,14,0.1035294,16,32
12/10/2017 11:40:00 AM,88,0,0,65.5,0,0,73,71,72,0,-96.8,0,0,63.2,1,14,0.1035294,16,33
12/10/2017 11:50:00 AM,87,0,0,65.3,0,0,73,71,72,0,-96.8,0,0,63.2,1,14,0.1035294,16,33
12/10/2017 12:00:00 PM,90,0,0,65.3,0,0,73,71,72,0,-96.8,0,0,63.1,1,14,0.1058824,16,34
12/10/2017 12:10:00 PM,87,0,0,65.3,0,0,73,71,72,0,-96.8,0,0,63.4,1,14,0.1023529,16,33
12/10/2017 12:20:00 PM,90,0,0,66.1,0,0,73,71,72,0,-96.8,0,0,64.2,1,14,0.1058824,16,34
12/10/2017 12:30:00 PM,90,0,0,66.7,0,0,73,71,72,0,-96.8,0,0,65.1,1,14,0.1058824,16,34
12/10/2017 12:40:00 PM,90,0,0,66.8,0,0,73,71,72,0,-96.8,0,0,65.3,1,14,0.1058824,16,34
12/10/2017 12:50:00 PM,90,0,0,66.8,0,0,73,71,72,0,-96.8,0,0,65.2,1,14,0.1058824,16,34
12/10/2017 1:00:00 PM,88,0,0,66.6,0,0,73,71,72,0,-96.8,0,0,65,1,14,0.1058824,16,34
12/10/2017 1:10:00 PM,90,0,0,66.4,0,0,73,71,72,0,-96.8,0,0,64.9,1,14,0.1058824,16,34
12/10/2017 1:20:00 PM,93,0,0,66.1,0,0,73,71,72,0,-96.8,0,0,64.6,1,14,0.1094118,16,35
12/10/2017 1:30:00 PM,92,0,0,66,0,0,73,71,72,0,-96.8,0,0,64.5,1,14,0.1082353,16,35
12/10/2017 1:40:00 PM,90,0,0,65.8,0,0,73,71,72,0,-97.5,0,0,64.2,1,14,0.1058824,16,34
12/10/2017 1:50:00 PM,90,0,0,65.7,0,0,73,71,72,0,-96.8,0,0,64,1,14,0.1058824,16,33
12/10/2017 2:00:00 PM,88,0,0,65.5,0,0,73,71,72,0,-96.8,0,0,63.8,1,14,0.1035294,16,33
12/10/2017 2:10:00 PM,90,0,0,65.4,0,0,73,71,72,0,-96.8,0,0,63.7,1,14,0.1058824,16,32
12/10/2017 2:20:00 PM,88,0,0,65.3,0,0,73,71,72,0,-96.8,0,0,63.5,1,14,0.1023529,16,32
12/10/2017 2:30:00 PM,90,0,0,65.2,0,0,73,71,72,0,-96.8,0,0,63.2,1,14,0.1058824,16,32
12/10/2017 2:40:00 PM,87,0,0,65.1,0,0,73,71,72,0,-96.8,0,0,63,1,14,0.1023529,16,32
12/10/2017 2:50:00 PM,90,0,0,65,0,0,73,71,72,0,-96.8,0,0,62.9,1,14,0.1058824,16,32
12/10/2017 3:00:00 PM,92,0,0,64.9,0,0,73,71,72,0,-96.8,0,0,62.7,1,14,0.1082353,16,32
12/10/2017 3:10:00 PM,92,0,0,64.8,0,0,73,71,72,0,-96.8,0,0,62.6,1,14,0.1082353,16,31
12/10/2017 3:20:00 PM,92,0,0,64.7,0,0,73,71,72,0,-96.8,0,0,62.4,1,14,0.1082353,16,31
12/10/2017 3:30:00 PM,90,0,0,64.7,0,0,73,71,72,0,-96.8,0,0,62.6,1,14,0.1058824,16,31
12/10/2017 3:40:00 PM,90,0,0,65.5,0,0,73,71,72,0,-96.8,0,0,63.6,1,14,0.1082353,16,31
12/10/2017 3:50:00 PM,88,0,0,66.5,0,0,73,71,72,0,-96.8,0,0,64.7,1,14,0.1035294,16,31
12/10/2017 4:00:00 PM,90,0,0,66.8,0,0,73,71,72,0,-96.8,0,0,64.9,1,14,0.1058824,16,31
12/10/2017 4:10:00 PM,90,0,0,66.7,0,0,73,71,72,0,-96.8,0,0,64.7,1,14,0.1058824,16,30
12/10/2017 4:20:00 PM,88,0,0,66.5,0,0,73,71,72,0,-96.8,0,0,64.4,1,14,0.1035294,16,30
12/10/2017 4:30:00 PM,92,0,0,66.3,0,0,73,71,72,0,-96.8,0,0,64.1,1,14,0.1082353,16,30
12/10/2017 4:40:00 PM,90,0,0,66,0,0,73,71,72,0,-96.8,0,0,63.7,1,14,0.1058824,16,30
12/10/2017 4:50:00 PM,88,0,0,65.8,0,0,73,71,72,0,-96.8,0,0,63.3,1,14,0.1035294,16,29
12/10/2017 5:00:00 PM,90,0,0,65.5,0,0,73,71,72,0,-96.8,0,0,63,1,14,0.1058824,16,29
12/10/2017 5:10:00 PM,88,0,0,65.5,0,0,73,71,72,0,-96.8,0,0,63.3,1,14,0.1035294,16,29
12/10/2017 5:20:00 PM,90,0,0,66.4,0,0,73,71,72,0,-96.8,0,0,64.3,1,14,0.1058824,16,29
12/10/2017 5:30:00 PM,88,0,0,67.3,0,0,73,71,72,0,-96.8,0,0,65.2,1,14,0.1035294,16,29
12/10/2017 5:40:00 PM,90,0,0,67.4,0,0,73,71,72,0,-96.1,0,0,65.3,1,14,0.1058824,16,29
12/10/2017 5:50:00 PM,90,0,0,67.2,0,0,73,71,72,0,-96.8,0,0,65.1,1,14,0.1058824,16,29
12/10/2017 6:00:00 PM,90,0,0,67,0,0,73,71,72,0,-96.1,0,0,64.6,1,14,0.1058824,16,28
12/10/2017 6:10:00 PM,90,0,0,66.7,0,0,73,71,72,0,-97.5,0,0,64.2,1,14,0.1058824,16,28
12/10/2017 6:20:00 PM,90,0,0,66.4,0,0,73,71,72,0,-97.5,0,0,63.8,1,14,0.1058824,16,28
12/10/2017 6:30:00 PM,88,0,0,66.2,0,0,73,71,72,0,-96.8,0,0,63.6,1,14,0.1035294,16,28
12/10/2017 6:40:00 PM,92,0,0,66.4,0,0,73,71,72,0,-96.8,0,0,64.2,1,14,0.1082353,16,27
12/10/2017 6:50:00 PM,90,0,0,67.7,0,0,73,71,72,0,-96.8,0,0,65.6,1,14,0.1058824,16,27
12/10/2017 7:00:00 PM,92,0,0,68.5,0,0,73,71,72,0,-96.8,0,0,66.3,1,14,0.1082353,16,28
12/10/2017 7:10:00 PM,93,0,0,68.4,0,0,73,71,72,0,-96.8,0,0,66.2,1,14,0.1094118,16,28
12/10/2017 7:20:00 PM,96,0,0,68.1,0,0,73,71,72,0,-96.8,0,0,65.9,1,14,0.1129412,16,28
12/10/2017 7:30:00 PM,93,0,0,67.7,0,0,73,71,72,0,-96.8,0,0,65.4,1,14,0.1094118,16,28
12/10/2017 7:40:00 PM,93,0,0,67.4,0,0,73,71,72,0,-97.5,0,0,64.9,1,14,0.1094118,16,28
12/10/2017 7:50:00 PM,92,0,0,67,0,0,73,71,72,0,-96.8,0,0,64.4,1,14,0.1082353,16,28
12/10/2017 8:00:00 PM,93,0,0,66.7,0,0,73,71,72,0,-96.8,0,0,63.9,1,14,0.1094118,16,28
12/10/2017 8:10:00 PM,92,0,0,66.4,0,0,73,71,72,0,-96.8,0,0,63.5,1,14,0.1058824,16,28
12/10/2017 8:20:00 PM,90,0,0,66.2,0,0,73,71,72,0,-97.5,0,0,63.1,1,14,0.1058824,16,28
12/10/2017 8:30:00 PM,88,0,0,66.1,0,0,73,71,72,0,-96.8,0,0,63.5,1,14,0.1035294,16,28
12/10/2017 8:40:00 PM,90,0,0,67.1,0,0,73,71,72,0,-96.8,0,0,64.8,1,14,0.1058824,16,28
12/10/2017 8:50:00 PM,92,0,0,68.4,0,0,73,71,72,0,-96.8,0,0,66.1,1,14,0.1082353,16,28
12/10/2017 9:00:00 PM,92,0,0,68.8,0,0,73,71,72,0,-96.8,0,0,66.5,1,14,0.1082353,16,28
12/10/2017 9:10:00 PM,92,0,0,68.6,0,0,73,71,72,0,-96.8,0,0,66.3,1,14,0.1082353,16,28
12/10/2017 9:20:00 PM,93,0,0,68.2,0,0,73,71,72,0,-96.8,0,0,65.9,1,14,0.1094118,16,28
12/10/2017 9:30:00 PM,95,0,0,67.8,0,0,73,71,72,0,-96.8,0,0,65.3,1,14,0.1117647,16,28
12/10/2017 9:40:00 PM,93,0,0,67.4,0,0,73,71,72,0,-96.8,0,0,64.8,1,14,0.1094118,16,28
12/10/2017 9:50:00 PM,92,0,0,67.1,0,0,73,71,72,0,-96.8,0,0,64.3,1,14,0.1082353,16,28
12/10/2017 10:00:00 PM,90,0,0,66.8,0,0,73,71,72,0,-96.8,0,0,64,1,14,0.1058824,16,28
12/10/2017 10:10:00 PM,92,0,0,66.5,0,0,73,71,72,0,-96.8,0,0,63.6,1,14,0.1082353,16,28
12/10/2017 10:20:00 PM,92,0,0,66.2,0,0,73,71,72,0,-96.8,0,0,63.3,1,14,0.1082353,16,28
12/10/2017 10:30:00 PM,90,0,0,66,0,0,73,71,72,0,-96.8,0,0,63.2,1,14,0.1058824,16,27
12/10/2017 10:40:00 PM,90,0,0,66.4,0,0,73,71,72,0,-96.8,0,0,63.7,1,14,0.1058824,16,27
12/10/2017 10:50:00 PM,92,0,0,67.7,0,0,73,71,72,0,-96.8,0,0,65.3,1,14,0.1082353,16,27
12/10/2017 11:00:00 PM,95,0,0,68.7,0,0,73,71,72,0,-96.8,0,0,66.2,1,14,0.1117647,16,27
12/10/2017 11:10:00 PM,92,0,0,68.7,0,0,73,71,72,0,-96.8,0,0,66.2,1,14,0.1082353,16,27
12/10/2017 11:20:00 PM,93,0,0,68.3,0,0,73,71,72,0,-96.8,0,0,65.9,1,14,0.1094118,16,27
12/10/2017 11:30:00 PM,95,0,0,68,0,0,73,71,72,0,-96.8,0,0,65.3,1,14,0.1117647,16,27
12/10/2017 11:40:00 PM,92,0,0,67.7,0,0,73,71,72,0,-96.8,0,0,64.8,1,14,0.1082353,16,27
12/10/2017 11:50:00 PM,93,0,0,67.3,0,0,73,71,72,0,-96.8,0,0,64.3,1,14,0.1094118,16,26
12/11/2017 12:00:00 AM,93,0,0,67,0,0,73,71,72,0,-96.8,0,0,63.9,1,14,0.1094118,16,26
12/11/2017 12:10:00 AM,90,0,0,66.7,0,0,73,71,72,0,-96.8,0,0,63.4,1,14,0.1058824,16,26
12/11/2017 12:20:00 AM,90,0,0,66.5,0,0,73,71,72,0,-96.8,0,0,63.1,1,14,0.1058824,16,26
12/11/2017 12:30:00 AM,92,0,0,66.2,0,0,73,71,72,0,-96.8,0,0,63,1,14,0.1058824,16,26
12/11/2017 12:40:00 AM,90,0,0,66.6,0,0,73,71,72,0,-96.8,0,0,63.8,1,14,0.1058824,16,26
12/11/2017 12:50:00 AM,92,0,0,68,0,0,73,71,72,0,-96.8,0,0,65.5,1,14,0.1082353,16,26
12/11/2017 1:00:00 AM,95,0,0,69,0,0,73,71,72,0,-96.8,0,0,66.4,1,14,0.1117647,16,25
12/11/2017 1:10:00 AM,95,0,0,69,0,0,73,71,72,0,-96.8,0,0,66.5,1,14,0.1117647,16,25
12/11/2017 1:20:00 AM,96,0,0,68.7,0,0,73,71,72,0,-96.8,0,0,66.1,1,14,0.1129412,16,25
12/11/2017 1:30:00 AM,96,0,0,68.3,0,0,73,71,72,0,-96.8,0,0,65.6,1,14,0.1129412,16,25
12/11/2017 1:40:00 AM,95,0,0,67.9,0,0,73,71,72,0,-96.8,0,0,65,1,14,0.1117647,16,24
12/11/2017 1:50:00 AM,93,0,0,67.5,0,0,73,71,72,0,-96.8,0,0,64.5,1,14,0.1094118,16,24
12/11/2017 2:00:00 AM,93,0,0,67.2,0,0,73,71,72,0,-96.8,0,0,64,1,14,0.1094118,16,24
12/11/2017 2:10:00 AM,93,0,0,66.8,0,0,73,71,72,0,-97.5,0,0,63.6,1,14,0.1082353,16,24
12/11/2017 2:20:00 AM,90,0,0,66.7,0,0,73,71,72,0,-96.8,0,0,63.6,1,14,0.1058824,16,24
12/11/2017 2:30:00 AM,92,0,0,67.3,0,0,73,71,72,0,-97.5,0,0,64.6,1,14,0.1082353,16,24
12/11/2017 2:40:00 AM,93,0,0,68.7,0,0,73,71,72,0,-96.8,0,0,66.1,1,14,0.1094118,16,24
12/11/2017 2:50:00 AM,93,0,0,69.3,0,0,73,71,72,0,-96.8,0,0,66.7,1,14,0.1094118,16,24
12/11/2017 3:00:00 AM,98,0,0,69.2,0,0,73,71,72,0,-96.8,0,0,66.5,1,14,0.1129412,16,24
12/11/2017 3:10:00 AM,95,0,0,68.8,0,0,73,71,72,0,-96.8,0,0,66.1,1,14,0.1117647,16,24
12/11/2017 3:20:00 AM,93,0,0,68.3,0,0,73,71,72,0,-96.8,0,0,65.8,1,14,0.1094118,16,24
12/11/2017 3:30:00 AM,93,0,0,68,0,0,73,71,72,0,-96.8,0,0,65.2,1,14,0.1094118,16,24
12/11/2017 3:40:00 AM,93,0,0,67.6,0,0,73,71,72,0,-96.8,0,0,64.6,1,14,0.1094118,16,24
12/11/2017 3:50:00 AM,95,0,0,67.3,0,0,73,71,72,0,-96.8,0,0,64.1,1,14,0.1117647,16,25
12/11/2017 4:00:00 AM,92,0,0,67,0,0,73,71,72,0,-96.8,0,0,64.1,1,14,0.1082353,16,26
12/11/2017 4:10:00 AM,92,0,0,67.7,0,0,73,71,72,0,-96.8,0,0,65.1,1,14,0.1082353,16,27
12/11/2017 4:20:00 AM,93,0,0,69,0,0,73,71,72,0,-96.8,0,0,66.3,1,14,0.1094118,16,27
12/11/2017 4:30:00 AM,95,0,0,69.2,0,0,73,71,72,0,-96.8,0,0,66.6,1,14,0.1117647,16,27
12/11/2017 4:40:00 AM,95,0,0,69.2,0,0,73,71,72,0,-96.8,0,0,66.4,1,14,0.1117647,16,27
12/11/2017 4:50:00 AM,95,0,0,68.7,0,0,73,71,72,0,-96.8,0,0,65.9,1,14,0.1117647,16,27
12/11/2017 5:00:00 AM,93,0,0,68.3,0,0,73,71,72,0,-96.8,0,0,65.4,1,14,0.1094118,16,27
12/11/2017 5:10:00 AM,93,0,0,67.9,0,0,73,71,72,0,-96.1,0,0,64.8,1,14,0.1117647,16,27
12/11/2017 5:20:00 AM,93,0,0,67.6,0,0,73,71,72,0,-96.1,0,0,64.3,1,14,0.1094118,16,27
12/11/2017 5:30:00 AM,95,0,0,67.3,0,0,73,71,72,0,-96.8,0,0,63.8,1,14,0.1117647,16,27
12/11/2017 5:40:00 AM,92,0,0,66.9,0,0,73,71,72,0,-96.8,0,0,63.4,1,14,0.1082353,16,27
12/11/2017 5:50:00 AM,93,0,0,66.7,0,0,73,71,72,0,-96.8,0,0,63.1,1,14,0.1094118,16,28
12/11/2017 6:00:00 AM,92,0,0,66.5,0,0,73,71,72,0,-96.8,0,0,63.3,1,14,0.1082353,16,28
12/11/2017 6:10:00 AM,92,0,0,67.2,0,0,73,71,72,0,-96.8,0,0,64.2,1,14,0.1082353,16,28
12/11/2017 6:20:00 AM,92,0,0,67.7,0,0,73,71,72,0,-96.8,0,0,64.6,1,14,0.1082353,16,28
12/11/2017 6:30:00 AM,93,0,0,67.7,0,0,73,71,72,0,-96.8,0,0,64.5,1,14,0.1094118,16,28
12/11/2017 6:40:00 AM,93,0,0,67.4,0,0,73,71,72,0,-96.8,0,0,64.1,1,14,0.1082353,16,28
12/11/2017 6:50:00 AM,92,0,0,67.1,0,0,73,71,72,0,-96.8,0,0,63.7,1,14,0.1082353,16,28
12/11/2017 7:00:00 AM,93,0,0,66.8,0,0,73,71,72,0,-96.1,0,0,63.3,1,14,0.1094118,16,28
12/11/2017 7:10:00 AM,93,0,0,66.5,0,0,73,71,72,0,-97.5,0,0,62.9,1,14,0.1094118,16,28
12/11/2017 7:20:00 AM,90,0,0,66.3,0,0,73,71,72,0,-96.8,0,0,62.5,1,14,0.1058824,16,28
12/11/2017 7:30:00 AM,93,0,0,66.1,0,0,73,71,72,0,-96.8,0,0,62.7,1,14,0.1094118,16,28
12/11/2017 7:40:00 AM,90,0,0,67,0,0,73,71,72,0,-96.8,0,0,64.1,1,14,0.1058824,16,29
12/11/2017 7:50:00 AM,92,0,0,68.3,0,0,73,71,72,0,-96.8,0,0,65.4,1,14,0.1082353,16,29
12/11/2017 8:00:00 AM,92,0,0,68.7,0,0,73,71,72,0,-96.8,0,0,65.8,1,14,0.1082353,16,29
12/11/2017 8:10:00 AM,93,0,0,68.7,0,0,73,71,72,0,-96.8,0,0,66.7,1,14,0.1094118,16,29
12/11/2017 8:20:00 AM,92,0,0,68.5,0,0,73,71,72,0,-96.1,0,0,66.8,1,14,0.1082353,16,29
12/11/2017 8:30:00 AM,93,0,0,67.9,0,0,73,71,72,0,-96.8,0,0,65.1,1,14,0.1094118,16,30
12/11/2017 8:40:00 AM,95,0,0,67.3,0,0,73,71,72,0,-96.8,0,0,64.1,1,14,0.1117647,16,30
12/11/2017 8:50:00 AM,92,0,0,67,0,0,73,71,72,0,-96.8,0,0,64,1,14,0.1082353,16,30
12/11/2017 9:00:00 AM,92,0,0,66.7,0,0,73,71,72,0,-96.8,0,0,62.6,1,14,0.1082353,16,31
12/11/2017 9:10:00 AM,92,0,0,66.4,0,0,73,71,72,0,-96.8,0,0,62.1,1,14,0.1082353,16,31
12/11/2017 9:20:00 AM,90,0,0,66.2,0,0,73,71,72,0,-96.8,0,0,63.3,1,14,0.1058824,16,32
12/11/2017 9:30:00 AM,88,0,0,66.1,0,0,73,71,72,0,-96.8,0,0,62.7,1,14,0.1035294,16,32
12/11/2017 9:40:00 AM,88,0,0,65.9,0,0,73,71,72,0,-96.8,0,0,62.1,1,14,0.1035294,16,32
12/11/2017 9:50:00 AM,90,0,0,65.9,0,0,73,71,72,0,-96.8,0,0,62.5,1,14,0.1058824,16,33
12/11/2017 10:00:00 AM,90,0,0,65.8,0,0,73,71,72,0,-96.1,0,0,63,1,14,0.1058824,16,33
12/11/2017 10:10:00 AM,88,0,0,65.7,0,0,73,71,72,0,-96.8,0,0,61.9,1,14,0.1035294,16,33
12/11/2017 10:20:00 AM,90,0,0,65.5,0,0,73,71,72,0,-96.8,0,0,61.6,1,14,0.1058824,16,34
12/11/2017 10:30:00 AM,88,0,0,65.5,0,0,73,71,72,0,-96.1,0,0,61.6,1,14,0.1035294,16,33
12/11/2017 10:40:00 AM,90,0,0,65.4,0,0,73,71,72,0,-96.8,0,0,61.5,1,14,0.1058824,16,34
12/11/2017 10:50:00 AM,88,0,0,65.4,0,0,73,71,72,0,-96.8,0,0,62.1,1,14,0.1058824,16,35
12/11/2017 11:00:00 AM,88,0,0,65.3,0,0,73,71,72,0,-96.8,0,0,62.3,1,14,0.1023529,16,35
12/11/2017 11:10:00 AM,88,0,0,65.3,0,0,73,71,72,0,-96.1,0,0,62.2,1,14,0.1035294,16,35
12/11/2017 11:20:00 AM,88,0,0,65.3,0,0,73,71,72,0,-96.8,0,0,62.4,1,14,0.1035294,16,35
12/11/2017 11:30:00 AM,92,0,0,65.3,0,0,73,71,72,0,-96.8,0,0,62.2,1,14,0.1082353,16,35
12/11/2017 11:40:00 AM,92,0,0,65.2,0,0,73,71,72,0,-96.8,0,0,62.3,1,14,0.1082353,16,35
12/11/2017 11:50:00 AM,93,0,0,65.2,0,0,73,71,72,0,-96.8,0,0,62.7,1,14,0.1094118,16,34
12/11/2017 12:00:00 PM,92,0,0,65.1,0,0,73,71,72,0,-96.8,0,0,62.3,1,14,0.1082353,16,34
12/11/2017 12:10:00 PM,90,0,0,65.1,0,0,73,71,72,0,-96.1,0,0,62.1,1,14,0.1058824,16,34
12/11/2017 12:20:00 PM,90,0,0,65.2,0,0,73,71,72,0,-96.1,0,0,62.7,1,14,0.1058824,16,35
12/11/2017 12:30:00 PM,90,0,0,65.1,0,0,73,71,72,0,-96.1,0,0,62.9,1,14,0.1058824,16,35
12/11/2017 12:40:00 PM,90,0,0,65.1,0,0,73,71,72,0,-96.8,0,0,62.9,1,14,0.1058824,16,35
12/11/2017 12:50:00 PM,92,0,0,65.1,0,0,73,71,72,0,-96.8,0,0,63,1,14,0.1082353,16,36
12/11/2017 1:00:00 PM,92,0,0,65.1,0,0,73,71,72,0,-94.8,0,0,63.3,1,14,0.1082353,16,37
12/11/2017 1:10:00 PM,92,0,0,65.1,0,0,73,71,72,0,-96.8,0,0,63.6,1,14,0.1082353,16,37
12/11/2017 1:20:00 PM,88,0,0,65.1,0,0,73,71,72,0,-96.8,0,0,63.3,1,14,0.1035294,16,37
12/11/2017 1:30:00 PM,90,0,0,65.1,0,0,73,71,72,0,-96.8,0,0,63.6,1,14,0.1058824,16,38
12/11/2017 1:40:00 PM,90,0,0,65.1,0,0,73,71,72,0,-96.8,0,0,63.8,1,14,0.1058824,16,38
12/11/2017 1:50:00 PM,90,0,0,65.1,0,0,73,71,72,0,-96.8,0,0,63.6,1,14,0.1058824,16,38
12/11/2017 2:00:00 PM,90,0,0,65,0,0,73,71,72,0,-96.8,0,0,63.6,1,14,0.1058824,16,37
12/11/2017 2:10:00 PM,90,0,0,65,0,0,73,71,72,0,-97.5,0,0,63.8,1,14,0.1058824,16,36
12/11/2017 2:20:00 PM,90,0,0,65,0,0,73,71,72,0,-97.5,0,0,63.8,1,14,0.1058824,16,36
12/11/2017 2:30:00 PM,90,0,0,65,0,0,73,71,72,0,-95.5,0,0,63.7,1,14,0.1058824,16,36
12/11/2017 2:40:00 PM,88,0,0,65,0,0,73,71,72,0,-96.8,0,0,63.9,1,14,0.1035294,16,36
12/11/2017 2:50:00 PM,88,0,0,65,0,0,73,71,72,0,-96.8,0,0,63.8,1,14,0.1058824,16,36
12/11/2017 3:00:00 PM,88,0,0,65,0,0,73,71,72,0,-96.8,0,0,63.7,1,14,0.1035294,16,36
12/11/2017 3:10:00 PM,90,0,0,65,0,0,73,71,72,0,-96.8,0,0,64,1,14,0.1058824,16,36
12/11/2017 3:20:00 PM,88,0,0,65,0,0,73,71,72,0,-97.5,0,0,63.9,1,14,0.1035294,16,36
12/11/2017 3:30:00 PM,88,0,0,64.9,0,0,73,71,72,0,-97.5,0,0,63.7,1,14,0.1035294,16,36
12/11/2017 3:40:00 PM,90,0,0,65,0,0,73,71,72,0,-97.5,0,0,63.9,1,14,0.1058824,16,36
12/11/2017 3:50:00 PM,90,0,0,65,0,0,73,71,72,0,-96.8,0,0,64,1,14,0.1058824,16,36
12/11/2017 4:00:00 PM,90,0,0,64.9,0,0,73,71,72,0,-96.8,0,0,63.7,1,14,0.1058824,16,36
12/11/2017 4:10:00 PM,90,0,0,64.9,0,0,73,71,72,0,-95.5,0,0,63.2,1,14,0.1058824,16,36
12/11/2017 4:20:00 PM,90,0,0,64.9,0,0,73,71,72,0,-96.8,0,0,62.9,1,14,0.1058824,16,36
12/11/2017 4:30:00 PM,90,0,0,64.9,0,0,73,71,72,0,-96.8,0,0,62.8,1,14,0.1058824,16,36
12/11/2017 4:40:00 PM,90,0,0,64.9,0,0,73,71,72,0,-96.8,0,0,62.7,1,14,0.1058824,16,36
12/11/2017 4:50:00 PM,90,0,0,64.9,0,0,73,71,72,0,-96.8,0,0,62.5,1,14,0.1035294,16,36
12/11/2017 5:00:00 PM,90,0,0,64.9,0,0,73,71,72,0,-96.8,0,0,62.3,1,14,0.1058824,16,35
12/11/2017 5:10:00 PM,92,0,0,64.8,0,0,73,71,72,0,-96.8,0,0,62.3,1,14,0.1082353,16,35
12/11/2017 5:20:00 PM,90,0,0,64.8,0,0,73,71,72,0,-96.8,0,0,62.3,1,14,0.1058824,16,34
12/11/2017 5:30:00 PM,90,0,0,64.9,0,0,73,71,72,0,-96.1,0,0,62.3,1,14,0.1058824,16,33
12/11/2017 5:40:00 PM,90,0,0,64.9,0,0,73,71,72,0,-96.8,0,0,62.1,1,14,0.1058824,16,33
12/11/2017 5:50:00 PM,92,0,0,64.9,0,0,73,71,72,0,-96.8,0,0,62.1,1,14,0.1082353,16,33
12/11/2017 6:00:00 PM,92,0,0,64.8,0,0,73,71,72,0,-96.8,0,0,62.2,1,14,0.1082353,16,33
12/11/2017 6:10:00 PM,92,0,0,64.8,0,0,73,71,72,0,-96.8,0,0,62.1,1,14,0.1082353,16,32
12/11/2017 6:20:00 PM,90,0,0,64.8,0,0,73,71,72,0,-96.8,0,0,62,1,14,0.1058824,16,32
12/11/2017 6:30:00 PM,90,0,0,64.8,0,0,73,71,72,0,-96.1,0,0,61.9,1,14,0.1058824,16,32
12/11/2017 6:40:00 PM,92,0,0,64.8,0,0,73,71,72,0,-97.5,0,0,61.9,1,14,0.1082353,16,32
12/11/2017 6:50:00 PM,92,0,0,64.8,0,0,73,71,72,0,-96.8,0,0,61.9,1,14,0.1082353,16,32
12/11/2017 7:00:00 PM,92,0,0,64.8,0,0,73,71,72,0,-96.8,0,0,61.7,1,14,0.1082353,16,32
12/11/2017 7:10:00 PM,92,0,0,64.7,0,0,73,71,72,0,-96.8,0,0,61.6,1,14,0.1082353,16,32
12/11/2017 7:20:00 PM,88,0,0,64.7,0,0,73,71,72,0,-96.8,0,0,61.6,1,14,0.1035294,16,32
12/11/2017 7:30:00 PM,88,0,0,64.7,0,0,73,71,72,0,-96.8,0,0,61.6,1,14,0.1035294,16,32
12/11/2017 7:40:00 PM,90,0,0,64.7,0,0,73,71,72,0,-96.8,0,0,61.5,1,14,0.1058824,16,32
12/11/2017 7:50:00 PM,90,0,0,64.7,0,0,73,71,72,0,-96.8,0,0,61.6,1,14,0.1058824,16,32
12/11/2017 8:00:00 PM,90,0,0,64.7,0,0,73,71,72,0,-96.8,0,0,61.4,1,14,0.1058824,16,32
12/11/2017 8:10:00 PM,90,0,0,64.6,0,0,73,71,72,0,-96.8,0,0,61.5,1,14,0.1058824,16,32
12/11/2017 8:20:00 PM,90,0,0,64.6,0,0,73,71,72,0,-96.8,0,0,61.4,1,14,0.1058824,16,32
12/11/2017 8:30:00 PM,88,0,0,64.7,0,0,73,71,72,0,-96.8,0,0,61.4,1,14,0.1035294,16,32
12/11/2017 8:40:00 PM,90,0,0,64.6,0,0,73,71,72,0,-96.8,0,0,61.3,1,14,0.1058824,16,32
12/11/2017 8:50:00 PM,90,0,0,64.6,0,0,73,71,72,0,-96.8,0,0,61,1,14,0.1058824,16,32
12/11/2017 9:00:00 PM,92,0,0,64.6,0,0,73,71,72,0,-96.8,0,0,61.1,1,14,0.1082353,16,32
12/11/2017 9:10:00 PM,90,0,0,64.6,0,0,73,71,72,0,-96.8,0,0,61.6,1,14,0.1058824,16,32
12/11/2017 9:20:00 PM,92,0,0,64.6,0,0,73,71,72,0,-95.5,0,0,61.7,1,14,0.1082353,16,32
12/11/2017 9:30:00 PM,90,0,0,64.6,0,0,73,71,72,0,-96.8,0,0,61.7,1,14,0.1058824,16,32
12/11/2017 9:40:00 PM,90,0,0,64.6,0,0,73,71,72,0,-96.8,0,0,61.8,1,14,0.1082353,16,31
12/11/2017 9:50:00 PM,90,0,0,64.5,0,0,73,71,72,0,-96.8,0,0,61.8,1,14,0.1058824,16,31
12/11/2017 10:00:00 PM,90,0,0,64.5,0,0,73,71,72,0,-96.8,0,0,61.8,1,14,0.1058824,16,31
12/11/2017 10:10:00 PM,92,0,0,64.5,0,0,73,71,72,0,-96.8,0,0,61.8,1,14,0.1082353,16,31
12/11/2017 10:20:00 PM,90,0,0,64.5,0,0,73,71,72,0,-96.8,0,0,61.6,1,14,0.1058824,16,31
12/11/2017 10:30:00 PM,90,0,0,64.5,0,0,73,71,72,0,-96.8,0,0,61.7,1,14,0.1058824,16,31
12/11/2017 10:40:00 PM,90,0,0,64.5,0,0,73,71,72,0,-96.8,0,0,61.4,1,14,0.1058824,16,31
12/11/2017 10:50:00 PM,90,0,0,64.4,0,0,73,71,72,0,-96.8,0,0,61.6,1,14,0.1058824,16,31
12/11/2017 11:00:00 PM,90,0,0,64.3,0,0,73,71,72,0,-96.8,0,0,61.6,1,14,0.1058824,16,31
12/11/2017 11:10:00 PM,90,0,0,64.3,0,0,73,71,72,0,-96.8,0,0,61.4,1,14,0.1058824,16,30
12/11/2017 11:20:00 PM,90,0,0,64.2,0,0,73,71,72,0,-96.8,0,0,61.5,1,14,0.1058824,16,30
12/11/2017 11:30:00 PM,93,0,0,64.1,0,0,73,71,72,0,-96.8,0,0,61.5,1,14,0.1094118,16,31
12/11/2017 11:40:00 PM,90,0,0,64,0,0,73,71,72,0,-96.8,0,0,61.2,1,14,0.1058824,16,31
12/11/2017 11:50:00 PM,90,0,0,64,0,0,73,71,72,0,-96.8,0,0,61.1,1,14,0.1058824,16,30
12/12/2017 12:00:00 AM,90,0,0,63.8,0,0,73,71,72,0,-96.8,0,0,61,1,14,0.1058824,16,30
12/12/2017 12:10:00 AM,90,0,0,63.7,0,0,73,71,72,0,-96.8,0,0,60.8,1,14,0.1058824,16,30
12/12/2017 12:20:00 AM,90,0,0,63.6,0,0,73,71,72,0,-96.8,0,0,60.6,1,14,0.1058824,16,30
12/12/2017 12:30:00 AM,87,0,0,63.5,0,0,73,71,72,0,-96.8,0,0,60.6,1,14,0.1035294,16,30
12/12/2017 12:40:00 AM,87,0,0,63.4,0,0,73,71,72,0,-96.8,0,0,60.7,1,14,0.1023529,16,29
12/12/2017 12:50:00 AM,90,0,0,63.3,0,0,73,71,72,0,-96.8,0,0,60.6,1,14,0.1058824,16,28
12/12/2017 1:00:00 AM,87,0,0,63.3,0,0,73,71,72,0,-96.8,0,0,60.8,1,14,0.1023529,16,27
12/12/2017 1:10:00 AM,88,0,0,64.3,0,0,73,71,72,0,-96.1,0,0,61.9,1,14,0.1035294,16,26
12/12/2017 1:20:00 AM,90,0,0,66.2,0,0,73,71,72,0,-96.8,0,0,64,1,14,0.1058824,16,26
12/12/2017 1:30:00 AM,88,0,0,67.7,0,0,73,71,72,0,-96.8,0,0,65.3,1,14,0.1035294,16,25
12/12/2017 1:40:00 AM,90,0,0,67.8,0,0,73,71,72,0,-96.8,0,0,65.5,1,14,0.1058824,16,25
12/12/2017 1:50:00 AM,93,0,0,67.6,0,0,73,71,72,0,-96.8,0,0,65.2,1,14,0.1094118,16,24
12/12/2017 2:00:00 AM,93,0,0,67.3,0,0,73,71,72,0,-96.8,0,0,64.6,1,14,0.1094118,16,24
12/12/2017 2:10:00 AM,92,0,0,67,0,0,73,71,72,0,-96.8,0,0,64,1,14,0.1082353,16,24
12/12/2017 2:20:00 AM,93,0,0,66.5,0,0,73,71,72,0,-96.8,0,0,63.5,1,14,0.1094118,16,24
12/12/2017 2:30:00 AM,93,0,0,66.3,0,0,73,71,72,0,-96.8,0,0,63.5,1,14,0.1094118,16,24
12/12/2017 2:40:00 AM,90,0,0,67,0,0,73,71,72,0,-96.8,0,0,64.5,1,14,0.1058824,16,23
12/12/2017 2:50:00 AM,92,0,0,68.2,0,0,73,71,72,0,-96.1,0,0,65.8,1,14,0.1082353,16,23
12/12/2017 3:00:00 AM,93,0,0,68.6,0,0,73,71,72,0,-96.8,0,0,66.2,1,14,0.1094118,16,23
12/12/2017 3:10:00 AM,95,0,0,68.4,0,0,73,71,72,0,-97.5,0,0,65.9,1,14,0.1117647,16,23
12/12/2017 3:20:00 AM,93,0,0,68,0,0,73,71,72,0,-96.8,0,0,65.4,1,14,0.1094118,16,23
12/12/2017 3:30:00 AM,93,0,0,67.6,0,0,73,71,72,0,-96.8,0,0,64.9,1,14,0.1094118,16,23
12/12/2017 3:40:00 AM,95,0,0,67.3,0,0,73,71,72,0,-96.8,0,0,64.6,1,14,0.1117647,16,22
12/12/2017 3:50:00 AM,93,0,0,67.3,0,0,73,71,72,0,-96.8,0,0,64.8,1,14,0.1094118,16,22
12/12/2017 4:00:00 AM,93,0,0,68.4,0,0,73,71,72,0,-97.5,0,0,65.9,1,14,0.1117647,16,21
12/12/2017 4:10:00 AM,95,0,0,69.3,0,0,73,71,72,0,-96.8,0,0,66.6,1,14,0.1117647,16,21
12/12/2017 4:20:00 AM,95,0,0,69.2,0,0,73,71,72,0,-97.5,0,0,66.5,1,14,0.1117647,16,21
12/12/2017 4:30:00 AM,95,0,0,68.8,0,0,73,71,72,0,-96.8,0,0,65.9,1,14,0.1117647,16,21
12/12/2017 4:40:00 AM,96,0,0,68.3,0,0,73,71,72,0,-96.8,0,0,65.1,1,14,0.1129412,16,20
12/12/2017 4:50:00 AM,96,0,0,68.2,0,0,73,71,72,0,-96.8,0,0,65.5,1,14,0.1129412,16,20
12/12/2017 5:00:00 AM,93,0,0,69.2,0,0,73,71,72,0,-96.8,0,0,66.4,1,14,0.1094118,16,20
12/12/2017 5:10:00 AM,95,0,0,69.9,0,0,73,71,72,0,-96.8,0,0,67,1,14,0.1117647,16,20
12/12/2017 5:20:00 AM,95,0,0,69.7,0,0,73,71,72,0,-96.8,0,0,66.8,1,14,0.1117647,16,20
12/12/2017 5:30:00 AM,95,0,0,69.2,0,0,73,71,72,0,-96.8,0,0,66.2,1,14,0.1117647,16,20
12/12/2017 5:40:00 AM,95,0,0,68.8,0,0,73,71,72,0,-96.8,0,0,65.5,1,14,0.1117647,16,20
12/12/2017 5:50:00 AM,93,0,0,68.6,0,0,73,71,72,0,-96.8,0,0,65.7,1,14,0.1094118,16,20
12/12/2017 6:00:00 AM,95,0,0,69.5,0,0,73,71,72,0,-96.8,0,0,66.6,1,14,0.1117647,16,19
12/12/2017 6:10:00 AM,96,0,0,70.1,0,0,73,71,72,0,-97.5,0,0,67,1,14,0.1129412,16,19
12/12/2017 6:20:00 AM,96,0,0,69.9,0,0,73,71,72,0,-96.8,0,0,66.7,1,14,0.1129412,16,19
12/12/2017 6:30:00 AM,95,0,0,69.4,0,0,73,71,72,0,-96.8,0,0,66.3,1,14,0.1117647,16,19
12/12/2017 6:40:00 AM,98,0,0,69.4,0,0,73,71,72,0,-96.8,0,0,66.4,1,14,0.1152941,16,18
12/12/2017 6:50:00 AM,96,0,0,70.1,0,0,73,71,72,0,-97.5,0,0,67.1,1,14,0.1129412,16,18
12/12/2017 7:00:00 AM,98,0,0,70.6,0,0,73,71,72,0,-95.5,0,0,67.5,1,14,0.1152941,16,18
12/12/2017 7:10:00 AM,98,0,0,70.3,0,0,73,71,72,0,-96.8,0,0,66.9,1,14,0.1152941,16,17
12/12/2017 7:20:00 AM,96,0,0,69.8,0,0,73,71,72,0,-96.8,0,0,66.2,1,14,0.1129412,16,17
12/12/2017 7:30:00 AM,98,0,0,69.5,0,0,73,71,72,0,-96.8,0,0,66.4,1,14,0.1152941,16,17
12/12/2017 7:40:00 AM,96,0,0,70.3,0,0,73,71,72,0,-96.8,0,0,67.1,1,14,0.1129412,16,17
12/12/2017 7:50:00 AM,98,0,0,70.7,0,0,73,71,72,0,-96.8,0,0,67.3,1,14,0.1152941,16,17
12/12/2017 8:00:00 AM,98,0,0,70.5,0,0,73,71,72,0,-96.8,0,0,67.1,1,14,0.1152941,16,17
12/12/2017 8:10:00 AM,98,0,0,70.2,0,0,73,71,72,0,-96.8,0,0,67.7,1,14,0.1152941,16,18
12/12/2017 8:20:00 AM,96,0,0,69.8,0,0,73,71,72,0,-96.8,0,0,67,1,14,0.1129412,16,18
12/12/2017 8:30:00 AM,96,0,0,69.2,0,0,73,71,72,0,-96.8,0,0,66.3,1,14,0.1129412,16,18
12/12/2017 8:40:00 AM,98,0,0,68.8,0,0,73,71,72,0,-96.8,0,0,65.9,1,14,0.1152941,16,18
12/12/2017 8:50:00 AM,95,0,0,68.4,0,0,73,71,72,0,-96.8,0,0,65.6,1,14,0.1117647,16,19
12/12/2017 9:00:00 AM,96,0,0,68.2,0,0,73,71,72,0,-96.8,0,0,65,1,14,0.1129412,16,19
12/12/2017 9:10:00 AM,95,0,0,68,0,0,73,71,72,0,-96.8,0,0,65.1,1,14,0.1117647,16,19
12/12/2017 9:20:00 AM,95,0,0,68,0,0,73,71,72,0,-96.8,0,0,65.3,1,14,0.1117647,16,19
12/12/2017 9:30:00 AM,95,0,0,67.9,0,0,73,71,72,0,-96.8,0,0,65.1,1,14,0.1117647,16,19
12/12/2017 9:40:00 AM,93,0,0,67.9,0,0,73,71,72,0,-96.8,0,0,65.5,1,14,0.1094118,16,19
12/12/2017 9:50:00 AM,93,0,0,67.7,0,0,73,71,72,0,-96.8,0,0,65.7,1,14,0.1094118,16,19
12/12/2017 10:00:00 AM,95,0,0,67.7,0,0,73,71,72,0,-96.8,0,0,65.7,1,14,0.1117647,16,20
12/12/2017 10:10:00 AM,92,0,0,67.7,0,0,73,71,72,0,-96.8,0,0,65.8,1,14,0.1082353,16,20
12/12/2017 10:20:00 AM,92,0,0,67.6,0,0,73,71,72,0,-96.8,0,0,65.9,1,14,0.1082353,16,20
12/12/2017 10:30:00 AM,95,0,0,67.7,0,0,73,71,72,0,-96.8,0,0,66,1,14,0.1117647,16,20
12/12/2017 10:40:00 AM,95,0,0,67.6,0,0,73,71,72,0,-96.8,0,0,66.1,1,14,0.1117647,16,20
12/12/2017 10:50:00 AM,92,0,0,67.6,0,0,73,71,72,0,-96.8,0,0,66.2,1,14,0.1082353,16,21
12/12/2017 11:00:00 AM,93,0,0,67.5,0,0,73,71,72,0,-96.8,0,0,66.2,1,14,0.1094118,16,20
12/12/2017 11:10:00 AM,93,0,0,67.4,0,0,73,71,72,0,-96.1,0,0,66.2,1,14,0.1094118,16,20
12/12/2017 11:20:00 AM,93,0,0,67.6,0,0,73,71,72,0,-96.8,0,0,66.4,1,14,0.1094118,16,20
12/12/2017 11:30:00 AM,93,0,0,67.5,0,0,73,71,72,0,-97.5,0,0,66.4,1,14,0.1082353,16,20
12/12/2017 11:40:00 AM,93,0,0,67.4,0,0,73,71,72,0,-97.5,0,0,66.6,1,14,0.1094118,16,21
12/12/2017 11:50:00 AM,95,0,0,67.5,0,0,73,71,72,0,-96.8,0,0,66.7,1,14,0.1094118,16,21
12/12/2017 12:00:00 PM,93,0,0,67.4,0,0,73,71,72,0,-96.8,0,0,66.7,1,14,0.1094118,16,21
12/12/2017 12:10:00 PM,93,0,0,67.4,0,0,73,71,72,0,-96.1,0,0,66.7,1,14,0.1094118,16,20
12/12/2017 12:20:00 PM,92,0,0,67.4,0,0,73,71,72,0,-96.8,0,0,66.6,1,14,0.1082353,16,21
12/12/2017 12:30:00 PM,92,0,0,67.4,0,0,73,71,72,0,-96.8,0,0,66.7,1,14,0.1082353,16,21
12/12/2017 12:40:00 PM,92,0,0,67.3,0,0,73,71,72,0,-96.8,0,0,66.6,1,14,0.1082353,16,21
12/12/2017 12:50:00 PM,92,0,0,67.4,0,0,73,71,72,0,-96.8,0,0,66.6,1,14,0.1082353,16,21
12/12/2017 1:00:00 PM,92,0,0,67.3,0,0,73,71,72,0,-96.8,0,0,66.5,1,14,0.1082353,16,22
12/12/2017 1:10:00 PM,90,0,0,67.3,0,0,73,71,72,0,-96.8,0,0,66.6,1,14,0.1058824,16,22
12/12/2017 1:20:00 PM,92,0,0,67.3,0,0,73,71,72,0,-96.8,0,0,66.7,1,14,0.1082353,16,21
12/12/2017 1:30:00 PM,90,0,0,67.3,0,0,73,71,72,0,-96.8,0,0,66.7,1,14,0.1058824,16,22
12/12/2017 1:40:00 PM,90,0,0,67.3,0,0,73,71,72,0,-96.8,0,0,66.7,1,14,0.1058824,16,22
12/12/2017 1:50:00 PM,90,0,0,67.3,0,0,73,71,72,0,-96.8,0,0,66.7,1,14,0.1058824,16,22
12/12/2017 2:00:00 PM,90,0,0,67.3,0,0,73,71,72,0,-96.8,0,0,66.7,1,14,0.1058824,16,22
12/12/2017 2:10:00 PM,90,0,0,67.3,0,0,73,71,72,0,-96.8,0,0,66.6,1,14,0.1058824,16,22
12/12/2017 2:20:00 PM,90,0,0,67.2,0,0,73,71,72,0,-96.8,0,0,66.6,1,14,0.1058824,16,21
12/12/2017 2:30:00 PM,90,0,0,67.3,0,0,73,71,72,0,-96.8,0,0,66.7,1,14,0.1082353,16,22
12/12/2017 2:40:00 PM,90,0,0,67.2,0,0,73,71,72,0,-96.8,0,0,66.6,1,14,0.1058824,16,22
12/12/2017 2:50:00 PM,92,0,0,67.2,0,0,73,71,72,0,-96.8,0,0,66.6,1,14,0.1082353,16,22
12/12/2017 3:00:00 PM,93,0,0,67.1,0,0,73,71,72,0,-96.8,0,0,66.6,1,14,0.1094118,16,21
12/12/2017 3:10:00 PM,93,0,0,67.1,0,0,73,71,72,0,-96.8,0,0,66.5,1,14,0.1094118,16,21
12/12/2017 3:20:00 PM,93,0,0,67.1,0,0,73,71,72,0,-96.8,0,0,66.5,1,14,0.1094118,16,21
12/12/2017 3:30:00 PM,93,0,0,67.1,0,0,73,71,72,0,-96.8,0,0,66.4,1,14,0.1094118,16,21
12/12/2017 3:40:00 PM,93,0,0,67.1,0,0,73,71,72,0,-96.8,0,0,66,1,14,0.1094118,16,21
12/12/2017 3:50:00 PM,93,0,0,67.1,0,0,73,71,72,0,-96.8,0,0,66.1,1,14,0.1094118,16,20
12/12/2017 4:00:00 PM,93,0,0,67.1,0,0,73,71,72,0,-96.8,0,0,66.1,1,14,0.1094118,16,20
12/12/2017 4:10:00 PM,93,0,0,67,0,0,73,71,72,0,-96.8,0,0,65.6,1,14,0.1094118,16,20
12/12/2017 4:20:00 PM,90,0,0,66.8,0,0,73,71,72,0,-96.8,0,0,65.2,1,14,0.1058824,16,20
12/12/2017 4:30:00 PM,92,0,0,66.6,0,0,73,71,72,0,-96.8,0,0,64.7,1,14,0.1082353,16,19
12/12/2017 4:40:00 PM,92,0,0,66.5,0,0,73,71,72,0,-96.8,0,0,64.3,1,14,0.1082353,16,19
12/12/2017 4:50:00 PM,92,0,0,66.4,0,0,73,71,72,0,-96.8,0,0,63.9,1,14,0.1082353,16,19
12/12/2017 5:00:00 PM,92,0,0,66.4,0,0,73,71,72,0,-96.1,0,0,63.8,1,14,0.1082353,16,19
12/12/2017 5:10:00 PM,92,0,0,66.9,0,0,73,71,72,0,-96.8,0,0,64.2,1,14,0.1082353,16,19
12/12/2017 5:20:00 PM,93,0,0,67.6,0,0,73,71,72,0,-96.8,0,0,64.6,1,14,0.1094118,16,18
12/12/2017 5:30:00 PM,93,0,0,68.1,0,0,73,71,72,0,-96.1,0,0,64.7,1,14,0.1094118,16,18
12/12/2017 5:40:00 PM,93,0,0,68.4,0,0,73,71,72,0,-96.8,0,0,64.7,1,14,0.1094118,16,18
12/12/2017 5:50:00 PM,93,0,0,68.6,0,0,73,71,72,0,-96.8,0,0,64.7,1,14,0.1094118,16,18
12/12/2017 6:00:00 PM,93,0,0,68.9,0,0,73,71,72,0,-96.8,0,0,64.5,1,14,0.1094118,16,18
12/12/2017 6:10:00 PM,95,0,0,69,0,0,73,71,72,0,-96.8,0,0,64.4,1,14,0.1117647,16,18
12/12/2017 6:20:00 PM,96,0,0,69.2,0,0,73,71,72,0,-96.8,0,0,64.3,1,14,0.1129412,16,18
12/12/2017 6:30:00 PM,95,0,0,69.2,0,0,73,71,72,0,-96.8,0,0,64.3,1,14,0.1117647,16,18
12/12/2017 6:40:00 PM,95,0,0,69.3,0,0,73,71,72,0,-97.5,0,0,64.3,1,14,0.1117647,16,18
12/12/2017 6:50:00 PM,95,0,0,69.3,0,0,73,71,72,0,-96.8,0,0,64.2,1,14,0.1117647,16,18
12/12/2017 7:00:00 PM,95,0,0,69.4,0,0,73,71,72,0,-96.8,0,0,64.1,1,14,0.1117647,16,18
12/12/2017 7:10:00 PM,96,0,0,69.5,0,0,73,71,72,0,-97.5,0,0,64.2,1,14,0.1129412,16,18
12/12/2017 7:20:00 PM,93,0,0,69.4,0,0,73,71,72,0,-96.8,0,0,64.2,1,14,0.1094118,16,18
12/12/2017 7:30:00 PM,93,0,0,69.5,0,0,73,71,72,0,-96.8,0,0,64.1,1,14,0.1094118,16,18
12/12/2017 7:40:00 PM,93,0,0,69.6,0,0,73,71,72,0,-96.8,0,0,64.1,1,14,0.1094118,16,18
12/12/2017 7:50:00 PM,93,0,0,69.6,0,0,73,71,72,0,-96.8,0,0,64,1,14,0.1094118,16,18
12/12/2017 8:00:00 PM,98,0,0,69.6,0,0,73,71,72,0,-96.8,0,0,63.9,1,14,0.1152941,16,18
12/12/2017 8:10:00 PM,93,0,0,69.6,0,0,73,71,72,0,-96.1,0,0,63.9,1,14,0.1094118,16,18
12/12/2017 8:20:00 PM,99,0,0,69.6,0,0,73,71,72,0,-96.8,0,0,63.7,1,14,0.1164706,16,18
12/12/2017 8:30:00 PM,98,0,0,69.6,0,0,73,71,72,0,-96.8,0,0,63.6,1,14,0.1152941,16,18
12/12/2017 8:40:00 PM,96,0,0,69.7,0,0,73,71,72,0,-96.8,0,0,63.6,1,14,0.1129412,16,19
12/12/2017 8:50:00 PM,96,0,0,69.6,0,0,73,71,72,0,-97.5,0,0,63.5,1,14,0.1129412,16,19
12/12/2017 9:00:00 PM,96,0,0,69.6,0,0,73,71,72,0,-96.8,0,0,63.5,1,14,0.1117647,16,19
12/12/2017 9:10:00 PM,96,0,0,69.6,0,0,73,71,72,0,-96.8,0,0,63.9,1,14,0.1129412,16,19
12/12/2017 9:20:00 PM,95,0,0,69.5,0,0,73,71,72,0,-96.8,0,0,64,1,14,0.1117647,16,20
12/12/2017 9:30:00 PM,96,0,0,69.2,0,0,73,71,72,0,-96.8,0,0,63.9,1,14,0.1129412,16,20
12/12/2017 9:40:00 PM,96,0,0,68.9,0,0,73,71,72,0,-96.8,0,0,63.9,1,14,0.1129412,16,20
12/12/2017 9:50:00 PM,98,0,0,68.7,0,0,73,71,72,0,-96.8,0,0,63.8,1,14,0.1152941,16,20
12/12/2017 10:00:00 PM,96,0,0,68.4,0,0,73,71,72,0,-96.8,0,0,63.6,1,14,0.1129412,16,20
12/12/2017 10:10:00 PM,96,0,0,68.2,0,0,73,71,72,0,-96.8,0,0,63.3,1,14,0.1129412,16,20
12/12/2017 10:20:00 PM,93,0,0,68,0,0,73,71,72,0,-96.8,0,0,63.3,1,14,0.1094118,16,20
12/12/2017 10:30:00 PM,95,0,0,67.7,0,0,73,71,72,0,-96.1,0,0,63.3,1,14,0.1117647,16,21
12/12/2017 10:40:00 PM,92,0,0,67.6,0,0,73,71,72,0,-97.5,0,0,63.3,1,14,0.1082353,16,21
12/12/2017 10:50:00 PM,95,0,0,67.4,0,0,73,71,72,0,-96.8,0,0,63.2,1,14,0.1117647,16,21
12/12/2017 11:00:00 PM,93,0,0,67.1,0,0,73,71,72,0,-96.8,0,0,63.1,1,14,0.1094118,16,21
12/12/2017 11:10:00 PM,95,0,0,66.9,0,0,73,71,72,0,-96.8,0,0,62.8,1,14,0.1117647,16,21
12/12/2017 11:20:00 PM,95,0,0,66.7,0,0,73,71,72,0,-96.1,0,0,62.6,1,14,0.1117647,16,21
12/12/2017 11:30:00 PM,93,0,0,66.5,0,0,73,71,72,0,-96.8,0,0,62.4,1,14,0.1094118,16,21
12/12/2017 11:40:00 PM,93,0,0,66.4,0,0,73,71,72,0,-96.8,0,0,62.3,1,14,0.1094118,16,21
12/12/2017 11:50:00 PM,93,0,0,66.1,0,0,73,71,72,0,-96.1,0,0,62.1,1,14,0.1094118,16,22
12/13/2017 12:00:00 AM,92,0,0,65.9,0,0,73,71,72,0,-96.8,0,0,61.8,1,14,0.1082353,16,22
12/13/2017 12:10:00 AM,92,0,0,65.7,0,0,73,71,72,0,-97.5,0,0,61.5,1,14,0.1082353,16,22
12/13/2017 12:20:00 AM,90,0,0,65.6,0,0,73,71,72,0,-96.8,0,0,61.3,1,14,0.1058824,16,22
12/13/2017 12:30:00 AM,90,0,0,65.4,0,0,73,71,72,0,-96.8,0,0,61,1,14,0.1058824,16,22
12/13/2017 12:40:00 AM,90,0,0,65.3,0,0,73,71,72,0,-96.8,0,0,60.9,1,14,0.1058824,16,22
12/13/2017 12:50:00 AM,92,0,0,65.1,0,0,73,71,72,0,-94.8,0,0,60.7,1,14,0.1082353,16,22
12/13/2017 1:00:00 AM,90,0,0,64.9,0,0,73,71,72,0,-96.8,0,0,60.5,1,14,0.1058824,16,22
12/13/2017 1:10:00 AM,87,0,0,64.8,0,0,73,71,72,0,-96.8,0,0,60.2,1,14,0.1023529,16,23
12/13/2017 1:20:00 AM,90,0,0,64.6,0,0,73,71,72,0,-96.8,0,0,60.6,1,14,0.1058824,16,23
12/13/2017 1:30:00 AM,88,0,0,65.3,0,0,73,71,72,0,-96.8,0,0,61.6,1,14,0.1035294,16,23
12/13/2017 1:40:00 AM,88,0,0,66.3,0,0,73,71,72,0,-96.8,0,0,62.3,1,14,0.1035294,16,23
12/13/2017 1:50:00 AM,90,0,0,66.5,0,0,73,71,72,0,-96.8,0,0,62.3,1,14,0.1058824,16,23
12/13/2017 2:00:00 AM,92,0,0,66.4,0,0,73,71,72,0,-96.8,0,0,62.1,1,14,0.1082353,16,23
12/13/2017 2:10:00 AM,92,0,0,66.1,0,0,73,71,72,0,-97.5,0,0,61.8,1,14,0.1082353,16,23
12/13/2017 2:20:00 AM,90,0,0,65.9,0,0,73,71,72,0,-96.8,0,0,61.5,1,14,0.1058824,16,23
12/13/2017 2:30:00 AM,90,0,0,65.8,0,0,73,71,72,0,-96.8,0,0,62.1,1,14,0.1058824,16,23
12/13/2017 2:40:00 AM,92,0,0,66.8,0,0,73,71,72,0,-96.8,0,0,63.4,1,14,0.1082353,16,23
12/13/2017 2:50:00 AM,92,0,0,67.7,0,0,73,71,72,0,-96.8,0,0,64.2,1,14,0.1082353,16,23
12/13/2017 3:00:00 AM,95,0,0,67.8,0,0,73,71,72,0,-96.8,0,0,64.1,1,14,0.1117647,16,23
12/13/2017 3:10:00 AM,93,0,0,67.6,0,0,73,71,72,0,-96.8,0,0,63.8,1,14,0.1094118,16,23
12/13/2017 3:20:00 AM,95,0,0,67.3,0,0,73,71,72,0,-96.8,0,0,63.3,1,14,0.1117647,16,23
12/13/2017 3:30:00 AM,93,0,0,66.9,0,0,73,71,72,0,-96.8,0,0,62.9,1,14,0.1094118,16,23
12/13/2017 3:40:00 AM,92,0,0,66.6,0,0,73,71,72,0,-96.8,0,0,62.5,1,14,0.1082353,16,23
12/13/2017 3:50:00 AM,93,0,0,66.7,0,0,73,71,72,0,-96.8,0,0,63.1,1,14,0.1094118,16,24
12/13/2017 4:00:00 AM,95,0,0,67.7,0,0,73,71,72,0,-97.5,0,0,64.2,1,14,0.1094118,16,24
12/13/2017 4:10:00 AM,93,0,0,68.3,0,0,73,71,72,0,-96.8,0,0,64.5,1,14,0.1094118,16,24
12/13/2017 4:20:00 AM,93,0,0,68.2,0,0,73,71,72,0,-96.8,0,0,64.2,1,14,0.1094118,16,24
12/13/2017 4:30:00 AM,93,0,0,67.8,0,0,73,71,72,0,-96.1,0,0,63.6,1,14,0.1094118,16,24
12/13/2017 4:40:00 AM,95,0,0,67.5,0,0,73,71,72,0,-96.8,0,0,63.1,1,14,0.1117647,16,24
12/13/2017 4:50:00 AM,93,0,0,67.1,0,0,73,71,72,0,-96.8,0,0,62.6,1,14,0.1094118,16,24
12/13/2017 5:00:00 AM,95,0,0,66.8,0,0,73,71,72,0,-95.5,0,0,62.4,1,14,0.1117647,16,24
12/13/2017 5:10:00 AM,95,0,0,67.1,0,0,73,71,72,0,-96.8,0,0,63.1,1,14,0.1117647,16,24
12/13/2017 5:20:00 AM,93,0,0,68.1,0,0,73,71,72,0,-96.8,0,0,64,1,14,0.1094118,16,24
12/13/2017 5:30:00 AM,96,0,0,68.5,0,0,73,71,72,0,-96.8,0,0,64.2,1,14,0.1117647,16,25
12/13/2017 5:40:00 AM,93,0,0,68.3,0,0,73,71,72,0,-96.8,0,0,64,1,14,0.1094118,16,25
12/13/2017 5:50:00 AM,95,0,0,67.9,0,0,73,71,72,0,-96.8,0,0,63.3,1,14,0.1117647,16,25
12/13/2017 6:00:00 AM,93,0,0,67.6,0,0,73,71,72,0,-96.8,0,0,62.9,1,14,0.1117647,16,25
12/13/2017 6:10:00 AM,93,0,0,67.2,0,0,73,71,72,0,-96.8,0,0,62.6,1,14,0.1094118,16,25
12/13/2017 6:20:00 AM,92,0,0,67,0,0,73,71,72,0,-96.8,0,0,62.7,1,14,0.1082353,16,25
12/13/2017 6:30:00 AM,95,0,0,67.7,0,0,73,71,72,0,-96.8,0,0,63.7,1,14,0.1117647,16,25
12/13/2017 6:40:00 AM,93,0,0,68.6,0,0,73,71,72,0,-96.8,0,0,64.4,1,14,0.1094118,16,25
12/13/2017 6:50:00 AM,98,0,0,68.6,0,0,73,71,72,0,-96.8,0,0,64.3,1,14,0.1152941,16,25
12/13/2017 7:00:00 AM,96,0,0,68.3,0,0,73,71,72,0,-96.8,0,0,63.8,1,14,0.1129412,16,26
12/13/2017 7:10:00 AM,95,0,0,67.9,0,0,73,71,72,0,-96.8,0,0,63.3,1,14,0.1117647,16,26
12/13/2017 7:20:00 AM,93,0,0,67.6,0,0,73,71,72,0,-96.8,0,0,62.8,1,14,0.1094118,16,26
12/13/2017 7:30:00 AM,93,0,0,67.1,0,0,73,71,72,0,-96.8,0,0,62.3,1,14,0.1094118,16,26
12/13/2017 7:40:00 AM,93,0,0,66.9,0,0,73,71,72,0,-96.8,0,0,62.3,1,14,0.1094118,16,26
12/13/2017 7:50:00 AM,92,0,0,67.3,0,0,73,71,72,0,-96.8,0,0,63.1,1,14,0.1082353,16,27
12/13/2017 8:00:00 AM,95,0,0,68.2,0,0,73,71,72,0,-97.5,0,0,63.8,1,14,0.1094118,16,27
12/13/2017 8:10:00 AM,95,0,0,68.8,0,0,73,71,72,0,-96.8,0,0,64.3,1,14,0.1117647,16,27
12/13/2017 8:20:00 AM,95,0,0,68.9,0,0,73,71,72,0,-96.8,0,0,64,1,14,0.1117647,16,27
12/13/2017 8:30:00 AM,95,0,0,69,0,0,73,71,72,0,-97.5,0,0,63.5,1,14,0.1117647,16,28
12/13/2017 8:40:00 AM,95,0,0,69,0,0,73,71,72,0,-96.8,0,0,63.4,1,14,0.1117647,16,28
12/13/2017 8:50:00 AM,96,0,0,69.1,0,0,73,71,72,0,-96.8,0,0,63.5,1,14,0.1129412,16,29
12/13/2017 9:00:00 AM,95,0,0,69.1,0,0,73,71,72,0,-96.8,0,0,63.5,1,14,0.1117647,16,30
12/13/2017 9:10:00 AM,98,0,0,69.1,0,0,73,71,72,0,-96.8,0,0,63.8,1,14,0.1152941,16,30
12/13/2017 9:20:00 AM,98,0,0,69.2,0,0,73,71,72,0,-96.1,0,0,63.6,1,14,0.1152941,16,30
12/13/2017 9:30:00 AM,96,0,0,69.3,0,0,73,71,72,0,-96.8,0,0,64.9,1,14,0.1129412,16,30
12/13/2017 9:40:00 AM,95,0,0,69.5,0,0,73,71,72,0,-96.8,0,0,65.6,1,14,0.1117647,16,31
12/13/2017 9:50:00 AM,96,0,0,69.4,0,0,73,71,72,0,-96.8,0,0,64.7,1,14,0.1117647,16,31
12/13/2017 10:00:00 AM,96,0,0,69.4,0,0,73,71,72,0,-96.8,0,0,64.6,1,14,0.1129412,16,31
12/13/2017 10:10:00 AM,96,0,0,69.4,0,0,73,71,72,0,-96.8,0,0,64.7,1,14,0.1129412,16,32
12/13/2017 10:20:00 AM,96,0,0,69.5,0,0,73,71,72,0,-96.8,0,0,64.7,1,14,0.1129412,16,32
12/13/2017 10:30:00 AM,96,0,0,69.5,0,0,73,71,72,0,-96.8,0,0,65,1,14,0.1129412,16,32
12/13/2017 10:40:00 AM,96,0,0,69.5,0,0,73,71,72,0,-97.5,0,0,65.4,1,14,0.1129412,16,32
12/13/2017 10:50:00 AM,96,0,0,69.5,0,0,73,71,72,0,-96.8,0,0,65.8,1,14,0.1129412,16,32
12/13/2017 11:00:00 AM,96,0,0,69.6,0,0,73,71,72,0,-96.8,0,0,66.5,1,14,0.1129412,16,33
12/13/2017 11:10:00 AM,98,0,0,69.6,0,0,73,71,72,0,-96.8,0,0,66.9,1,14,0.1152941,16,33
12/13/2017 11:20:00 AM,98,0,0,69.6,0,0,73,71,72,0,-96.8,0,0,66.1,1,14,0.1152941,16,33
12/13/2017 11:30:00 AM,96,0,0,69.5,0,0,73,71,72,0,-96.8,0,0,66.1,1,14,0.1129412,16,34
12/13/2017 11:40:00 AM,96,0,0,69.5,0,0,73,71,72,0,-96.8,0,0,66.1,1,14,0.1129412,16,35
12/13/2017 11:50:00 AM,99,0,0,69.5,0,0,73,71,72,0,-97.5,0,0,66.2,1,14,0.1164706,16,35
12/13/2017 12:00:00 PM,99,0,0,69.5,0,0,73,71,72,0,-96.8,0,0,66.5,1,14,0.1164706,16,35
12/13/2017 12:10:00 PM,99,0,0,69.5,0,0,73,71,72,0,-95.5,0,0,66.7,1,14,0.1164706,16,35
12/13/2017 12:20:00 PM,98,0,0,69.5,0,0,73,71,72,0,-96.8,0,0,66.8,1,14,0.1152941,16,36
12/13/2017 12:30:00 PM,99,0,0,69.5,0,0,73,71,72,0,-96.8,0,0,67,1,14,0.1152941,16,35
12/13/2017 12:40:00 PM,98,0,0,69.4,0,0,73,71,72,0,-96.8,0,0,66.3,1,14,0.1152941,16,35
12/13/2017 12:50:00 PM,98,0,0,69.6,0,0,73,71,72,0,-96.8,0,0,67.3,1,14,0.1152941,16,36
12/13/2017 1:00:00 PM,99,0,0,69.7,0,0,73,71,72,0,-96.8,0,0,67.7,1,14,0.1152941,16,36
12/13/2017 1:10:00 PM,98,0,0,69.7,0,0,73,71,72,0,-96.8,0,0,68,1,14,0.1152941,16,36
12/13/2017 1:20:00 PM,99,0,0,69.8,0,0,73,71,72,0,-96.8,0,0,68.2,1,14,0.1164706,16,36
12/13/2017 1:30:00 PM,98,0,0,69.8,0,0,73,71,72,0,-96.8,0,0,68.2,1,14,0.1152941,16,36
12/13/2017 1:40:00 PM,98,0,0,69.8,0,0,73,71,72,0,-96.8,0,0,68.4,1,14,0.1152941,16,37
12/13/2017 1:50:00 PM,98,0,0,69.7,0,0,73,71,72,0,-96.8,0,0,68.2,1,14,0.1152941,16,37
12/13/2017 2:00:00 PM,98,0,0,69.6,0,0,73,71,72,0,-96.8,0,0,67.9,1,14,0.1152941,16,37
12/13/2017 2:10:00 PM,98,0,0,69.6,0,0,73,71,72,0,-96.8,0,0,68,1,14,0.1129412,16,37
12/13/2017 2:20:00 PM,98,0,0,69.6,0,0,73,71,72,0,-96.8,0,0,67.9,1,14,0.1152941,16,37
12/13/2017 2:30:00 PM,98,0,0,69.6,0,0,73,71,72,0,-96.1,0,0,68,1,14,0.1152941,16,37
12/13/2017 2:40:00 PM,98,0,0,69.6,0,0,73,71,72,0,-96.8,0,0,68,1,14,0.1152941,16,36
12/13/2017 2:50:00 PM,96,0,0,69.7,0,0,73,71,72,0,-96.8,0,0,67.9,1,14,0.1129412,16,35
12/13/2017 3:00:00 PM,98,0,0,69.7,0,0,73,71,72,0,-96.8,0,0,68,1,14,0.1152941,16,35
12/13/2017 3:10:00 PM,98,0,0,69.7,0,0,73,71,72,0,-96.1,0,0,68,1,14,0.1152941,16,34
12/13/2017 3:20:00 PM,98,0,0,69.7,0,0,73,71,72,0,-96.1,0,0,68,1,14,0.1152941,16,34
12/13/2017 3:30:00 PM,98,0,0,69.8,0,0,73,71,72,0,-96.8,0,0,68,1,14,0.1152941,16,34
12/13/2017 3:40:00 PM,96,0,0,69.8,0,0,73,71,72,0,-96.8,0,0,67.9,1,14,0.1129412,16,34
12/13/2017 3:50:00 PM,96,0,0,69.8,0,0,73,71,72,0,-96.8,0,0,67.9,1,14,0.1129412,16,34
12/13/2017 4:00:00 PM,95,0,0,69.7,0,0,73,71,72,0,-96.8,0,0,67.8,1,14,0.1117647,16,34
12/13/2017 4:10:00 PM,96,0,0,69.8,0,0,73,71,72,0,-96.8,0,0,67.6,1,14,0.1129412,16,34
12/13/2017 4:20:00 PM,98,0,0,69.7,0,0,73,71,72,0,-96.8,0,0,67.6,1,14,0.1152941,16,34
12/13/2017 4:30:00 PM,98,0,0,69.6,0,0,73,71,72,0,-96.8,0,0,67.4,1,14,0.1152941,16,34
12/13/2017 4:40:00 PM,98,0,0,69.6,0,0,73,71,72,0,-96.1,0,0,67.4,1,14,0.1152941,16,34
12/13/2017 4:50:00 PM,98,0,0,69.6,0,0,73,71,72,0,-96.8,0,0,67.2,1,14,0.1152941,16,34
12/13/2017 5:00:00 PM,98,0,0,69.6,0,0,73,71,72,0,-96.8,0,0,67.3,1,14,0.1152941,16,33
12/13/2017 5:10:00 PM,96,0,0,69.6,0,0,73,71,72,0,-96.8,0,0,67.2,1,14,0.1129412,16,33
12/13/2017 5:20:00 PM,99,0,0,69.6,0,0,73,71,72,0,-96.8,0,0,67.1,1,14,0.1164706,16,33
12/13/2017 5:30:00 PM,98,0,0,69.5,0,0,73,71,72,0,-96.8,0,0,66.9,1,14,0.1152941,16,32
12/13/2017 5:40:00 PM,96,0,0,69.6,0,0,73,71,72,0,-96.8,0,0,66.9,1,14,0.1129412,16,31
12/13/2017 5:50:00 PM,96,0,0,69.5,0,0,73,71,72,0,-96.8,0,0,66.9,1,14,0.1129412,16,31
12/13/2017 6:00:00 PM,98,0,0,69.5,0,0,73,71,72,0,-96.8,0,0,66.7,1,14,0.1152941,16,31
12/13/2017 6:10:00 PM,98,0,0,69.5,0,0,73,71,72,0,-96.8,0,0,66.6,1,14,0.1152941,16,30
12/13/2017 6:20:00 PM,96,0,0,69.5,0,0,73,71,72,0,-96.8,0,0,66.5,1,14,0.1129412,16,30
12/13/2017 6:30:00 PM,98,0,0,69.5,0,0,73,71,72,0,-96.1,0,0,66.4,1,14,0.1152941,16,29
12/13/2017 6:40:00 PM,96,0,0,69.5,0,0,73,71,72,0,-96.8,0,0,66.4,1,14,0.1129412,16,29
12/13/2017 6:50:00 PM,96,0,0,69.5,0,0,73,71,72,0,-96.8,0,0,66.4,1,14,0.1129412,16,29
12/13/2017 7:00:00 PM,96,0,0,69.5,0,0,73,71,72,0,-96.8,0,0,66.4,1,14,0.1129412,16,29
12/13/2017 7:10:00 PM,98,0,0,69.5,0,0,73,71,72,0,-96.8,0,0,66.4,1,14,0.1152941,16,28
12/13/2017 7:20:00 PM,98,0,0,69.4,0,0,73,71,72,0,-96.8,0,0,66.2,1,14,0.1152941,16,28
12/13/2017 7:30:00 PM,98,0,0,69.5,0,0,73,71,72,0,-96.8,0,0,66.4,1,14,0.1152941,16,28
12/13/2017 7:40:00 PM,96,0,0,69.5,0,0,73,71,72,0,-96.8,0,0,66.3,1,14,0.1129412,16,28
12/13/2017 7:50:00 PM,96,0,0,69.5,0,0,73,71,72,0,-96.8,0,0,66.1,1,14,0.1129412,16,28
12/13/2017 8:00:00 PM,98,0,0,69.5,0,0,73,71,72,0,-96.8,0,0,66.1,1,14,0.1152941,16,28
12/13/2017 8:10:00 PM,96,0,0,69.5,0,0,73,71,72,0,-96.8,0,0,66.1,1,14,0.1129412,16,28
12/13/2017 8:20:00 PM,96,0,0,69.5,0,0,73,71,72,0,-96.8,0,0,65.9,1,14,0.1129412,16,28
12/13/2017 8:30:00 PM,96,0,0,69.5,0,0,73,71,72,0,-96.8,0,0,65.6,1,14,0.1152941,16,28
12/13/2017 8:40:00 PM,96,0,0,69.5,0,0,73,71,72,0,-96.8,0,0,65.8,1,14,0.1129412,16,28
12/13/2017 8:50:00 PM,96,0,0,69.5,0,0,73,71,72,0,-96.8,0,0,65.7,1,14,0.1129412,16,28
12/13/2017 9:00:00 PM,98,0,0,69.5,0,0,73,71,72,0,-96.8,0,0,65.8,1,14,0.1152941,16,28
12/13/2017 9:10:00 PM,98,0,0,69.5,0,0,73,71,72,0,-96.8,0,0,65.3,1,14,0.1152941,16,29
12/13/2017 9:20:00 PM,98,0,0,69.3,0,0,73,71,72,0,-96.8,0,0,65,1,14,0.1152941,16,29
12/13/2017 9:30:00 PM,96,0,0,69.2,0,0,73,71,72,0,-96.8,0,0,64.5,1,14,0.1129412,16,29
12/13/2017 9:40:00 PM,96,0,0,69,0,0,73,71,72,0,-96.8,0,0,64.4,1,14,0.1129412,16,29
12/13/2017 9:50:00 PM,96,0,0,69,0,0,73,71,72,0,-96.8,0,0,64.6,1,14,0.1129412,16,29
12/13/2017 10:00:00 PM,95,0,0,68.8,0,0,73,71,72,0,-96.8,0,0,64.9,1,14,0.1117647,16,29
12/13/2017 10:10:00 PM,95,0,0,68.7,0,0,73,71,72,0,-96.8,0,0,64.9,1,14,0.1117647,16,29
12/13/2017 10:20:00 PM,98,0,0,68.6,0,0,73,71,72,0,-96.8,0,0,64.6,1,14,0.1152941,16,29
12/13/2017 10:30:00 PM,98,0,0,68.4,0,0,73,71,72,0,-96.8,0,0,64.5,1,14,0.1152941,16,29
12/13/2017 10:40:00 PM,96,0,0,68.3,0,0,73,71,72,0,-96.8,0,0,64.5,1,14,0.1129412,16,29
12/13/2017 10:50:00 PM,96,0,0,68.2,0,0,73,71,72,0,-96.8,0,0,64,1,14,0.1129412,16,29
12/13/2017 11:00:00 PM,95,0,0,68,0,0,73,71,72,0,-96.8,0,0,64.1,1,14,0.1117647,16,29
12/13/2017 11:10:00 PM,93,0,0,68,0,0,73,71,72,0,-96.8,0,0,63.9,1,14,0.1094118,16,29
12/13/2017 11:20:00 PM,95,0,0,67.8,0,0,73,71,72,0,-96.8,0,0,63.6,1,14,0.1117647,16,29
12/13/2017 11:30:00 PM,96,0,0,67.6,0,0,73,71,72,0,-96.8,0,0,63.2,1,14,0.1129412,16,29
12/13/2017 11:40:00 PM,93,0,0,67.4,0,0,73,71,72,0,-96.8,0,0,63.1,1,14,0.1094118,16,29
12/13/2017 11:50:00 PM,96,0,0,67.3,0,0,73,71,72,0,-96.8,0,0,63,1,14,0.1129412,16,29
12/14/2017 12:00:00 AM,93,0,0,67.2,0,0,73,71,72,0,-96.8,0,0,62.7,1,14,0.1094118,16,29
12/14/2017 12:10:00 AM,95,0,0,67,0,0,73,71,72,0,-96.8,0,0,62.6,1,14,0.1117647,16,28
12/14/2017 12:20:00 AM,95,0,0,67,0,0,73,71,72,0,-96.8,0,0,62.3,1,14,0.1117647,16,28
12/14/2017 12:30:00 AM,92,0,0,66.8,0,0,73,71,72,0,-96.8,0,0,62.3,1,14,0.1082353,16,27
12/14/2017 12:40:00 AM,95,0,0,66.7,0,0,73,71,72,0,-96.8,0,0,62.4,1,14,0.1117647,16,27
12/14/2017 12:50:00 AM,93,0,0,66.5,0,0,73,71,72,0,-96.8,0,0,62.3,1,14,0.1094118,16,27
12/14/2017 1:00:00 AM,92,0,0,66.4,0,0,73,71,72,0,-96.8,0,0,62,1,14,0.1082353,16,27
12/14/2017 1:10:00 AM,92,0,0,66.3,0,0,73,71,72,0,-96.8,0,0,62.1,1,14,0.1082353,16,26
12/14/2017 1:20:00 AM,92,0,0,66.2,0,0,73,71,72,0,-96.8,0,0,61.9,1,14,0.1082353,16,26
12/14/2017 1:30:00 AM,92,0,0,66.1,0,0,73,71,72,0,-96.1,0,0,61.8,1,14,0.1094118,16,25
12/14/2017 1:40:00 AM,90,0,0,66,0,0,73,71,72,0,-96.8,0,0,61.6,1,14,0.1082353,16,25
12/14/2017 1:50:00 AM,90,0,0,65.9,0,0,73,71,72,0,-96.8,0,0,61.5,1,14,0.1058824,16,24
12/14/2017 2:00:00 AM,90,0,0,65.8,0,0,73,71,72,0,-96.8,0,0,61.5,1,14,0.1058824,16,23
12/14/2017 2:10:00 AM,88,0,0,65.7,0,0,73,71,72,0,-96.8,0,0,61.3,1,14,0.1035294,16,23
12/14/2017 2:20:00 AM,92,0,0,65.7,0,0,73,71,72,0,-96.8,0,0,61.2,1,14,0.1082353,16,22
12/14/2017 2:30:00 AM,90,0,0,65.5,0,0,73,71,72,0,-96.8,0,0,61,1,14,0.1035294,16,22
12/14/2017 2:40:00 AM,92,0,0,65.4,0,0,73,71,72,0,-97.5,0,0,60.8,1,14,0.1082353,16,21
12/14/2017 2:50:00 AM,92,0,0,65.2,0,0,73,71,72,0,-96.8,0,0,60.8,1,14,0.1082353,16,21
12/14/2017 3:00:00 AM,90,0,0,65.1,0,0,73,71,72,0,-96.8,0,0,60.8,1,14,0.1058824,16,21
12/14/2017 3:10:00 AM,92,0,0,65.1,0,0,73,71,72,0,-97.5,0,0,60.8,1,14,0.1082353,16,20
12/14/2017 3:20:00 AM,90,0,0,64.9,0,0,73,71,72,0,-96.8,0,0,60.7,1,14,0.1058824,16,20
12/14/2017 3:30:00 AM,90,0,0,64.9,0,0,73,71,72,0,-96.8,0,0,60.6,1,14,0.1058824,16,20
12/14/2017 3:40:00 AM,92,0,0,64.8,0,0,73,71,72,0,-96.8,0,0,60.8,1,14,0.1082353,16,20
12/14/2017 3:50:00 AM,88,0,0,65.6,0,0,73,71,72,0,-96.8,0,0,61.7,1,14,0.1035294,16,20
12/14/2017 4:00:00 AM,88,0,0,66.7,0,0,73,71,72,0,-96.8,0,0,62.3,1,14,0.1035294,16,20
12/14/2017 4:10:00 AM,92,0,0,66.8,0,0,73,71,72,0,-96.8,0,0,62.4,1,14,0.1082353,16,20
12/14/2017 4:20:00 AM,92,0,0,66.7,0,0,73,71,72,0,-96.8,0,0,62.3,1,14,0.1082353,16,21
12/14/2017 4:30:00 AM,93,0,0,66.5,0,0,73,71,72,0,-96.8,0,0,62.1,1,14,0.1094118,16,21
12/14/2017 4:40:00 AM,92,0,0,66.2,0,0,73,71,72,0,-96.8,0,0,62.3,1,14,0.1082353,16,21
12/14/2017 4:50:00 AM,92,0,0,67,0,0,73,71,72,0,-96.8,0,0,63.3,1,14,0.1082353,16,20
12/14/2017 5:00:00 AM,92,0,0,68,0,0,73,71,72,0,-96.8,0,0,64.5,1,14,0.1082353,16,20
12/14/2017 5:10:00 AM,93,0,0,68.4,0,0,73,71,72,0,-96.8,0,0,64.7,1,14,0.1094118,16,19
12/14/2017 5:20:00 AM,92,0,0,68.2,0,0,73,71,72,0,-96.8,0,0,64.1,1,14,0.1082353,16,19
12/14/2017 5:30:00 AM,93,0,0,67.9,0,0,73,71,72,0,-96.8,0,0,63.2,1,14,0.1094118,16,18
12/14/2017 5:40:00 AM,93,0,0,67.6,0,0,73,71,72,0,-96.8,0,0,62.9,1,14,0.1094118,16,18
12/14/2017 5:50:00 AM,96,0,0,67.3,0,0,73,71,72,0,-96.8,0,0,63,1,14,0.1129412,16,18
12/14/2017 6:00:00 AM,95,0,0,68.1,0,0,73,71,72,0,-96.8,0,0,63.7,1,14,0.1117647,16,18
12/14/2017 6:10:00 AM,96,0,0,68.7,0,0,73,71,72,0,-96.8,0,0,64.6,1,14,0.1129412,16,17
12/14/2017 6:20:00 AM,98,0,0,68.6,0,0,73,71,72,0,-96.8,0,0,64.5,1,14,0.1152941,16,17
12/14/2017 6:30:00 AM,98,0,0,68.3,0,0,73,71,72,0,-96.8,0,0,64,1,14,0.1152941,16,17
12/14/2017 6:40:00 AM,95,0,0,67.9,0,0,73,71,72,0,-96.8,0,0,63.7,1,14,0.1117647,16,17
12/14/2017 6:50:00 AM,93,0,0,68.2,0,0,73,71,72,0,-96.1,0,0,64.2,1,14,0.1094118,16,17
12/14/2017 7:00:00 AM,98,0,0,68.9,0,0,73,71,72,0,-96.8,0,0,64.9,1,14,0.1152941,16,17
12/14/2017 7:10:00 AM,95,0,0,69.3,0,0,73,71,72,0,-96.8,0,0,65.2,1,14,0.1117647,16,17
12/14/2017 7:20:00 AM,96,0,0,69,0,0,73,71,72,0,-96.8,0,0,64.5,1,14,0.1129412,16,17
12/14/2017 7:30:00 AM,98,0,0,68.7,0,0,73,71,72,0,-96.8,0,0,63.9,1,14,0.1152941,16,17
12/14/2017 7:40:00 AM,95,0,0,68.5,0,0,73,71,71,0,-96.8,0,0,64,1,14,0.1117647,16,17
12/14/2017 7:50:00 AM,95,0,0,69,0,0,73,71,72,0,-96.8,0,0,64.5,1,14,0.1117647,16,17
12/14/2017 8:00:00 AM,93,0,0,69.5,0,0,73,71,72,0,-96.8,0,0,64.7,1,14,0.1094118,16,17
12/14/2017 8:10:00 AM,96,0,0,69.6,0,0,73,71,72,0,-96.8,0,0,64.7,1,14,0.1129412,16,17
12/14/2017 8:20:00 AM,96,0,0,69.6,0,0,73,71,72,0,-96.8,0,0,64.7,1,14,0.1129412,16,18
12/14/2017 8:30:00 AM,96,0,0,69.9,0,0,73,71,72,0,-96.8,0,0,65.3,1,14,0.1129412,16,18
12/14/2017 8:40:00 AM,96,0,0,69.9,0,0,73,71,72,0,-96.8,0,0,65.4,1,14,0.1129412,16,18
12/14/2017 8:50:00 AM,99,0,0,70,0,0,73,71,72,0,-96.8,0,0,65.8,1,14,0.1164706,16,19
12/14/2017 9:00:00 AM,95,0,0,70,0,0,73,71,72,0,-96.1,0,0,66.2,1,14,0.1129412,16,20
12/14/2017 9:10:00 AM,95,0,0,70.1,0,0,73,71,72,0,-96.8,0,0,66.4,1,14,0.1117647,16,20
12/14/2017 9:20:00 AM,101,0,0,70.1,0,0,73,71,72,0,-96.8,0,0,66.7,1,14,0.1188235,16,21
12/14/2017 9:30:00 AM,101,0,0,70.1,0,0,73,71,72,0,-97.5,0,0,67,1,14,0.1188235,16,21
12/14/2017 9:40:00 AM,98,0,0,70.1,0,0,73,71,72,0,-96.1,0,0,67.3,1,14,0.1152941,16,22
12/14/2017 9:50:00 AM,98,0,0,70.1,0,0,73,71,72,0,-96.8,0,0,67.6,1,14,0.1152941,16,22
12/14/2017 10:00:00 AM,98,0,0,70.1,0,0,73,71,72,0,-96.8,0,0,67.9,1,14,0.1152941,16,23
12/14/2017 10:10:00 AM,98,0,0,70.1,0,0,73,71,72,0,-96.8,0,0,68.2,1,14,0.1152941,16,23
12/14/2017 10:20:00 AM,96,0,0,70.1,0,0,73,71,72,0,-96.8,0,0,68.3,1,14,0.1129412,16,24
12/14/2017 10:30:00 AM,96,0,0,70.1,0,0,73,71,72,0,-96.8,0,0,68.6,1,14,0.1129412,16,25
12/14/2017 10:40:00 AM,98,0,0,70.1,0,0,73,71,72,0,-96.8,0,0,68.7,1,14,0.1152941,16,25
12/14/2017 10:50:00 AM,99,0,0,70.1,0,0,73,71,72,0,-96.1,0,0,69,1,14,0.1164706,16,26
12/14/2017 11:00:00 AM,98,0,0,70.1,0,0,73,71,72,0,-96.8,0,0,69.2,1,14,0.1152941,16,25
12/14/2017 11:10:00 AM,96,0,0,70.1,0,0,73,71,72,0,-96.8,0,0,69.4,1,14,0.1129412,16,26
12/14/2017 11:20:00 AM,96,0,0,70.1,0,0,73,71,72,0,-96.8,0,0,69.6,1,14,0.1129412,16,25
12/14/2017 11:30:00 AM,96,0,0,70.1,0,0,73,71,72,0,-96.8,0,0,69.8,1,14,0.1129412,16,25
12/14/2017 11:40:00 AM,98,0,0,70.1,0,0,73,71,72,0,-96.8,0,0,70,1,14,0.1152941,16,25
12/14/2017 11:50:00 AM,98,0,0,70.2,0,0,73,71,72,0,-96.8,0,0,70.1,1,14,0.1152941,16,25
12/14/2017 12:00:00 PM,98,0,0,70.2,0,0,73,71,72,0,-96.8,0,0,70.2,1,14,0.1152941,16,25
12/14/2017 12:10:00 PM,98,0,0,70.1,0,0,73,71,72,0,-96.8,0,0,70.3,1,14,0.1152941,16,25
12/14/2017 12:20:00 PM,96,0,0,70.2,0,0,73,71,72,0,-96.8,0,0,70.3,1,14,0.1129412,16,25
12/14/2017 12:30:00 PM,98,0,0,70.2,0,0,73,71,72,0,-96.8,0,0,70.3,1,14,0.1152941,16,25
12/14/2017 12:40:00 PM,98,0,0,70.1,0,0,73,71,72,0,-96.1,0,0,70.4,1,14,0.1152941,16,25
12/14/2017 12:50:00 PM,96,0,0,70.1,0,0,73,71,72,0,-96.8,0,0,70.4,